,Date,00:00-09:00,09:00-18:00,18:00-00:00,day_of_the_week
0,2020-12-31,,,0.0,3
1,2021-01-01,56.0,55.87,38.0,4
2,2021-01-02,55.87,51.0,37.13,5
3,2021-01-03,56.0,51.0,38.0,6
4,2021-01-04,74.73,167.14,50.0,0
5,2021-01-05,69.85,159.13,42.15,1
6,2021-01-06,56.0,54.15,38.85,2
7,2021-01-07,73.71,194.14,42.15,3
8,2021-01-08,69.86,162.14,42.15,4
9,2021-01-09,56.15,51.85,37.15,5
10,2021-01-10,57.0,50.15,38.0,6
11,2021-01-11,78.0,205.0,44.0,0
12,2021-01-12,70.69,159.16,44.0,1
13,2021-01-13,70.54,151.31,42.15,2
14,2021-01-14,81.84,135.15,41.0,3
15,2021-01-15,77.85,143.15,44.0,4
16,2021-01-16,56.84,51.0,38.16,5
17,2021-01-17,56.16,52.0,38.0,6
18,2021-01-18,59.83,181.17,44.16,0
19,2021-01-19,76.67,171.33,44.16,1
20,2021-01-20,73.67,149.33,45.0,2
21,2021-01-21,75.83,134.17,52.0,3
22,2021-01-22,82.83,135.17,44.16,4
23,2021-01-23,57.16,51.84,38.16,5
24,2021-01-24,57.16,52.0,39.0,6
25,2021-01-25,74.67,168.33,46.0,0
26,2021-01-26,73.83,146.0,45.17,1
27,2021-01-27,74.66,157.17,45.34,2
28,2021-01-28,65.66,162.34,46.0,3
29,2021-01-29,67.65,168.18,43.0,4
30,2021-01-30,57.0,50.17,39.0,5
31,2021-01-31,56.0,51.0,38.17,6
32,2021-02-01,57.0,139.0,47.17,0
33,2021-02-02,82.82,114.18,48.0,1
34,2021-02-03,77.65,132.18,49.0,2
35,2021-02-04,74.82,107.18,47.0,3
36,2021-02-05,73.82,120.18,46.0,4
37,2021-02-06,65.0,58.17,44.0,5
38,2021-02-07,63.99,59.0,44.0,6
39,2021-02-08,81.82,134.0,50.0,0
40,2021-02-09,76.82,116.51,47.0,1
41,2021-02-10,69.33,126.0,50.67,2
42,2021-02-11,81.0,120.67,46.0,3
43,2021-02-12,85.0,115.0,47.67,4
44,2021-02-13,66.0,79.0,52.67,5
45,2021-02-14,60.99,55.0,41.68,6
46,2021-02-15,79.33,158.67,44.68,0
47,2021-02-16,73.33,167.67,45.0,1
48,2021-02-17,78.65,148.68,46.35,2
49,2021-02-18,79.33,107.67,44.0,3
50,2021-02-19,67.65,126.67,43.68,4
51,2021-02-20,62.0,67.0,45.68,5
52,2021-02-21,76.0,62.0,49.0,6
53,2021-02-22,84.0,90.0,41.68,0
54,2021-02-23,69.0,103.0,44.68,1
55,2021-02-24,71.0,102.0,44.0,2
56,2021-02-25,64.32,102.36,43.0,3
57,2021-02-26,73.32,96.68,43.68,4
58,2021-02-27,61.0,55.68,42.0,5
59,2021-02-28,61.0,54.68,42.0,6
60,2021-03-01,83.0,103.0,44.0,0
61,2021-03-02,79.64,110.68,45.68,1
62,2021-03-03,80.32,107.68,44.68,2
63,2021-03-04,64.0,103.68,45.0,3
64,2021-03-05,78.32,121.68,46.0,4
65,2021-03-06,63.31,63.0,47.69,5
66,2021-03-07,69.69,63.0,47.31,6
67,2021-03-08,76.32,146.68,50.0,0
68,2021-03-09,78.63,143.68,47.69,1
69,2021-03-10,84.32,114.68,45.69,2
70,2021-03-11,77.32,133.37,44.31,3
71,2021-03-12,69.62,120.69,43.69,4
72,2021-03-13,63.0,58.69,44.0,5
73,2021-03-14,64.0,59.0,44.0,6
74,2021-03-15,78.61,121.76,44.63,0
75,2021-03-16,64.0,125.0,43.0,1
76,2021-03-17,69.75,134.62,43.63,2
77,2021-03-18,73.38,127.62,44.63,3
78,2021-03-19,82.38,127.62,45.0,4
79,2021-03-20,59.0,54.37,40.63,5
80,2021-03-21,60.63,53.37,41.63,6
81,2021-03-22,80.74,114.26,44.0,0
82,2021-03-23,72.37,109.63,45.0,1
83,2021-03-24,72.1,122.33,44.0,2
84,2021-03-25,68.85,109.58,46.0,3
85,2021-03-26,62.43,102.0,43.0,4
86,2021-03-27,60.0,66.0,41.0,5
87,2021-03-28,65.0,57.0,40.57,6
88,2021-03-29,75.42,109.58,42.0,0
89,2021-03-30,74.43,82.57,42.0,1
90,2021-03-31,65.99,83.58,41.0,2
91,2021-04-01,65.58,78.0,41.0,3
92,2021-04-02,61.0,81.0,40.0,4
93,2021-04-03,58.0,53.42,38.58,5
94,2021-04-04,58.58,52.0,39.0,6
95,2021-04-05,59.0,57.0,38.0,0
96,2021-04-06,63.0,111.0,42.58,1
97,2021-04-07,64.0,112.58,42.0,2
98,2021-04-08,61.41,126.59,42.0,3
99,2021-04-09,69.83,115.59,42.58,4
100,2021-04-10,60.41,91.59,59.0,5
101,2021-04-11,87.58,82.0,58.42,6
102,2021-04-12,95.0,110.0,43.0,0
103,2021-04-13,63.0,105.0,43.58,1
104,2021-04-14,62.83,105.59,42.0,2
105,2021-04-15,64.42,100.0,43.0,3
106,2021-04-16,66.41,104.59,41.0,4
107,2021-04-17,59.42,54.0,38.0,5
108,2021-04-18,58.42,52.0,38.58,6
109,2021-04-19,60.0,134.0,41.58,0
110,2021-04-20,60.0,122.0,40.58,1
111,2021-04-21,58.0,109.45,40.0,2
112,2021-04-22,58.0,97.87,38.13,3
113,2021-04-23,58.0,85.0,39.0,4
114,2021-04-24,57.0,51.0,37.87,5
115,2021-04-25,57.0,50.13,37.0,6
116,2021-04-26,57.99,78.0,39.14,0
117,2021-04-27,57.14,73.86,40.14,1
118,2021-04-28,56.14,82.86,39.0,2
119,2021-04-29,57.03,88.0,39.97,3
120,2021-04-30,57.0,70.0,38.0,4
121,2021-05-01,56.03,52.97,38.03,5
122,2021-05-02,57.0,53.0,38.03,6
123,2021-05-03,59.97,78.03,39.0,0
124,2021-05-04,58.0,54.0,42.97,1
125,2021-05-05,59.97,78.03,38.97,2
126,2021-05-06,58.0,73.0,39.0,3
127,2021-05-07,58.0,70.0,39.0,4
128,2021-05-08,57.0,51.97,38.02,5
129,2021-05-09,57.0,51.02,38.98,6
130,2021-05-10,57.98,84.0,40.0,0
131,2021-05-11,58.0,81.98,39.02,1
132,2021-05-12,57.02,78.0,40.0,2
133,2021-05-13,58.0,76.0,39.0,3
134,2021-05-14,57.36,73.64,38.36,4
135,2021-05-15,57.0,52.36,37.64,5
136,2021-05-16,57.0,52.64,38.0,6
137,2021-05-17,57.64,82.36,41.64,0
138,2021-05-18,59.0,79.64,41.0,1
139,2021-05-19,60.64,86.0,43.0,2
140,2021-05-20,59.0,77.64,39.0,3
141,2021-05-21,59.0,47.36,34.72,4
142,2021-05-22,50.72,58.28,34.72,5
143,2021-05-23,51.72,41.28,35.72,6
144,2021-05-24,54.0,37.0,37.72,0
145,2021-05-25,48.28,40.0,33.11,1
146,2021-05-26,48.0,41.0,32.11,2
147,2021-05-27,50.0,31.11,36.0,3
148,2021-05-28,48.0,25.0,34.0,4
149,2021-05-29,48.89,57.0,32.11,5
150,2021-05-30,56.0,40.0,31.75,6
151,2021-05-31,50.0,34.0,32.7,0
152,2021-06-01,48.3,36.0,33.0,1
153,2021-06-02,49.32,28.68,33.32,2
154,2021-06-03,48.32,26.0,34.0,3
155,2021-06-04,51.32,30.0,32.67,4
156,2021-06-05,54.0,19.0,34.67,5
157,2021-06-06,53.0,29.0,37.67,6
158,2021-06-07,48.67,30.33,34.0,0
159,2021-06-08,47.33,51.67,36.33,1
160,2021-06-09,49.33,49.67,40.0,2
161,2021-06-10,48.0,46.0,38.67,3
162,2021-06-11,48.0,33.0,35.67,4
163,2021-06-12,49.0,60.0,31.67,5
164,2021-06-13,47.67,55.33,30.0,6
165,2021-06-14,47.34,54.0,39.66,0
166,2021-06-15,48.0,20.18,34.0,1
167,2021-06-16,50.0,75.18,38.82,2
168,2021-06-17,48.82,30.0,32.18,3
169,2021-06-18,49.0,47.0,33.18,4
170,2021-06-19,48.82,34.0,32.18,5
171,2021-06-20,50.0,22.18,34.82,6
172,2021-06-21,52.0,84.0,41.0,0
173,2021-06-22,57.82,105.18,36.82,1
174,2021-06-23,50.82,78.18,36.82,2
175,2021-06-24,51.82,87.0,33.18,3
176,2021-06-25,52.82,27.18,32.0,4
177,2021-06-26,48.0,51.82,31.18,5
178,2021-06-27,48.0,47.0,33.17,6
179,2021-06-28,49.0,22.0,33.17,0
180,2021-06-29,49.0,35.0,32.17,1
181,2021-06-30,48.83,98.17,34.0,2
182,2021-07-01,51.0,90.0,39.83,3
183,2021-07-02,52.83,43.0,34.0,4
184,2021-07-03,49.0,45.83,34.0,5
185,2021-07-04,48.83,28.0,32.0,6
186,2021-07-05,52.0,52.0,37.0,0
187,2021-07-06,48.17,77.83,34.0,1
188,2021-07-07,51.0,78.0,35.89,2
189,2021-07-08,57.0,93.0,42.0,3
190,2021-07-09,54.11,83.89,39.11,4
191,2021-07-10,50.0,44.7,30.95,5
192,2021-07-11,45.99,46.42,37.75,6
193,2021-07-12,54.24,92.76,38.24,0
194,2021-07-13,56.76,108.24,39.76,1
195,2021-07-14,53.76,55.24,39.0,2
196,2021-07-15,52.0,50.0,35.0,3
197,2021-07-16,56.76,48.24,36.0,4
198,2021-07-17,51.0,25.0,37.0,5
199,2021-07-18,54.0,36.76,33.0,6
200,2021-07-19,55.76,80.58,38.0,0
201,2021-07-20,54.58,70.0,55.42,1
202,2021-07-21,73.42,32.58,48.42,2
203,2021-07-22,62.42,73.58,51.42,3
204,2021-07-23,61.42,27.0,41.0,4
205,2021-07-24,51.47,45.0,36.53,5
206,2021-07-25,53.0,24.0,38.0,6
207,2021-07-26,57.47,115.53,42.47,0
208,2021-07-27,58.0,80.0,38.47,1
209,2021-07-28,55.0,57.0,39.47,2
210,2021-07-29,52.47,61.06,46.94,3
211,2021-07-30,63.47,80.0,35.53,4
212,2021-07-31,53.0,39.0,36.53,5
213,2021-08-01,56.47,37.53,38.0,6
214,2021-08-02,55.53,75.0,41.0,0
215,2021-08-03,58.53,67.98,38.49,1
216,2021-08-04,54.49,53.0,41.0,2
217,2021-08-05,59.0,61.0,39.5,3
218,2021-08-06,53.5,30.0,36.0,4
219,2021-08-07,52.51,41.0,36.0,5
220,2021-08-08,53.51,37.49,39.51,6
221,2021-08-09,55.0,30.51,37.49,0
222,2021-08-10,54.51,24.0,39.49,1
223,2021-08-11,57.49,38.51,39.49,2
224,2021-08-12,55.0,22.0,40.49,3
225,2021-08-13,55.0,23.0,38.48,4
226,2021-08-14,55.0,26.0,39.48,5
227,2021-08-15,56.0,26.0,39.48,6
228,2021-08-16,59.0,15.0,40.48,0
229,2021-08-17,58.48,29.52,39.48,1
230,2021-08-18,63.0,43.0,39.0,2
231,2021-08-19,55.52,20.0,38.48,3
232,2021-08-20,55.52,17.0,38.48,4
233,2021-08-21,54.52,33.48,38.0,5
234,2021-08-22,55.52,31.0,39.0,6
235,2021-08-23,58.52,35.0,40.0,0
236,2021-08-24,58.52,52.48,39.0,1
237,2021-08-25,53.52,37.0,39.48,2
238,2021-08-26,56.48,45.52,39.48,3
239,2021-08-27,55.0,41.0,38.48,4
240,2021-08-28,55.52,37.48,37.52,5
241,2021-08-29,54.0,45.52,59.48,6
242,2021-08-30,72.52,43.67,40.0,0
243,2021-08-31,55.0,41.67,42.0,1
244,2021-09-01,56.0,26.67,47.0,2
245,2021-09-02,65.0,46.0,40.67,3
246,2021-09-03,59.67,55.0,39.33,4
247,2021-09-04,55.33,34.0,39.0,5
248,2021-09-05,56.33,33.67,38.0,6
249,2021-09-06,58.0,84.67,40.0,0
250,2021-09-07,57.0,40.67,42.0,1
251,2021-09-08,56.33,47.67,44.0,2
252,2021-09-09,66.33,35.67,41.33,3
253,2021-09-10,57.0,42.0,41.0,4
254,2021-09-11,57.33,27.67,40.0,5
255,2021-09-12,57.0,31.0,40.67,6
256,2021-09-13,58.0,64.33,43.34,0
257,2021-09-14,58.0,42.67,45.0,1
258,2021-09-15,59.67,40.0,46.33,2
259,2021-09-16,59.33,67.67,42.0,3
260,2021-09-17,61.67,74.0,42.33,4
261,2021-09-18,58.0,26.0,41.0,5
262,2021-09-19,59.0,32.67,42.0,6
263,2021-09-20,59.67,59.0,43.33,0
264,2021-09-21,57.33,34.0,43.0,1
265,2021-09-22,60.0,48.0,44.99,2
266,2021-09-23,59.0,58.64,43.36,3
267,2021-09-24,58.36,36.0,40.64,4
268,2021-09-25,61.0,57.0,41.0,5
269,2021-09-26,62.36,57.0,41.0,6
270,2021-09-27,62.0,88.0,43.36,0
271,2021-09-28,60.0,68.0,45.36,1
272,2021-09-29,61.0,46.0,41.36,2
273,2021-09-30,59.0,41.36,42.64,3
274,2021-10-01,59.36,38.83,42.17,4
275,2021-10-02,59.17,26.0,42.0,5
276,2021-10-03,60.17,25.83,42.0,6
277,2021-10-04,60.0,50.83,45.17,0
278,2021-10-05,62.17,52.0,43.83,1
279,2021-10-06,62.83,64.0,43.0,2
280,2021-10-07,60.0,32.0,43.83,3
281,2021-10-08,62.0,38.82,41.0,4
282,2021-10-09,59.0,26.0,40.82,5
283,2021-10-10,59.18,29.82,41.0,6
284,2021-10-11,62.0,39.82,43.0,0
285,2021-10-12,62.82,24.18,43.0,1
286,2021-10-13,60.18,25.0,43.82,2
287,2021-10-14,61.0,26.0,43.82,3
288,2021-10-15,61.0,21.82,42.18,4
289,2021-10-16,61.18,27.82,42.0,5
290,2021-10-17,60.82,31.0,41.18,6
291,2021-10-18,61.0,24.0,44.18,0
292,2021-10-19,61.18,22.82,43.18,1
293,2021-10-20,62.18,29.82,44.0,2
294,2021-10-21,62.0,55.0,43.82,3
295,2021-10-22,63.18,49.0,44.82,4
296,2021-10-23,62.0,29.0,42.18,5
297,2021-10-24,62.0,20.18,42.82,6
298,2021-10-25,63.0,48.0,45.82,0
299,2021-10-26,64.82,69.18,46.82,1
300,2021-10-27,64.82,37.85,47.0,2
301,2021-10-28,66.0,47.0,46.33,3
302,2021-10-29,66.33,55.65,46.0,4
303,2021-10-30,65.35,21.65,44.35,5
304,2021-10-31,70.35,37.65,44.35,6
305,2021-11-01,63.36,56.64,46.0,0
306,2021-11-02,66.64,44.98,45.38,1
307,2021-11-03,66.38,89.58,45.42,2
308,2021-11-04,64.0,78.0,46.42,3
309,2021-11-05,66.56,91.43,47.44,4
310,2021-11-06,62.0,35.45,43.55,5
311,2021-11-07,61.0,27.0,42.0,6
312,2021-11-08,61.45,87.55,46.0,0
313,2021-11-09,61.45,91.55,47.0,1
314,2021-11-10,65.54,67.46,47.53,2
315,2021-11-11,64.53,89.0,46.0,3
316,2021-11-12,65.0,55.0,45.0,4
317,2021-11-13,62.0,25.52,43.0,5
318,2021-11-14,62.48,42.0,44.0,6
319,2021-11-15,64.5,74.49,46.0,0
320,2021-11-16,63.0,116.5,46.0,1
321,2021-11-17,63.5,98.99,46.51,2
322,2021-11-18,67.0,69.52,46.48,3
323,2021-11-19,64.48,66.0,46.52,4
324,2021-11-20,61.53,25.47,44.53,5
325,2021-11-21,62.53,27.47,43.99,6
326,2021-11-22,64.0,99.0,58.54,0
327,2021-11-23,78.0,102.1,55.0,1
328,2021-11-24,87.0,59.0,46.44,2
329,2021-11-25,68.0,103.0,47.0,3
330,2021-11-26,64.0,107.0,47.44,4
331,2021-11-27,65.0,49.44,55.55,5
332,2021-11-28,79.0,61.45,55.55,6
333,2021-11-29,85.09,142.46,72.0,0
334,2021-11-30,92.0,97.0,46.45,1
335,2021-12-01,82.54,138.46,54.0,2
336,2021-12-02,78.54,136.45,45.0,3
337,2021-12-03,66.08,126.92,45.54,4
338,2021-12-04,63.53,58.47,42.53,5
339,2021-12-05,62.47,58.0,42.52,6
340,2021-12-06,68.52,174.48,46.48,0
341,2021-12-07,67.0,101.0,47.0,1
342,2021-12-08,63.0,57.49,42.51,2
343,2021-12-09,67.51,138.0,47.49,3
344,2021-12-10,68.01,163.5,47.0,4
345,2021-12-11,63.51,37.99,42.5,5
346,2021-12-12,62.5,26.5,44.0,6
347,2021-12-13,67.01,134.49,60.0,0
348,2021-12-14,81.0,102.0,48.5,1
349,2021-12-15,63.5,102.5,47.5,2
350,2021-12-16,67.5,94.99,46.51,3
351,2021-12-17,75.99,92.5,47.51,4
352,2021-12-18,68.0,46.51,47.49,5
353,2021-12-19,82.0,30.51,50.0,6
354,2021-12-20,92.49,178.51,50.0,0
355,2021-12-21,70.97,143.52,48.0,1
356,2021-12-22,68.48,144.49,48.0,2
357,2021-12-23,65.0,140.0,47.54,3
358,2021-12-24,69.0,99.0,43.0,4
359,2021-12-25,62.46,54.0,43.0,5
360,2021-12-26,63.0,45.0,43.0,6
361,2021-12-27,70.46,133.0,48.54,0
362,2021-12-28,77.92,117.54,45.54,1
363,2021-12-29,70.0,100.0,46.0,2
364,2021-12-30,68.92,96.54,46.54,3
365,2021-12-31,65.0,59.54,42.46,4
366,2022-01-01,62.0,29.46,43.0,5
367,2022-01-02,62.46,44.54,42.0,6
368,2022-01-03,70.0,114.0,45.54,0
369,2022-01-04,71.0,116.54,45.46,1
370,2022-01-05,66.46,71.0,44.54,2
371,2022-01-06,63.0,42.0,42.99,3
372,2022-01-07,68.0,30.0,43.0,4
373,2022-01-08,62.55,26.0,43.45,5
374,2022-01-09,63.0,50.0,43.45,6
375,2022-01-10,69.46,179.54,46.55,0
376,2022-01-11,71.46,131.54,46.55,1
377,2022-01-12,68.46,106.54,45.55,2
378,2022-01-13,68.46,106.54,45.0,3
379,2022-01-14,69.46,106.54,44.55,4
380,2022-01-15,62.0,25.0,43.0,5
381,2022-01-16,61.45,24.55,42.45,6
382,2022-01-17,72.46,121.54,55.55,0
383,2022-01-18,85.46,116.54,47.0,1
384,2022-01-19,68.91,118.54,45.0,2
385,2022-01-20,69.91,136.54,46.55,3
386,2022-01-21,73.0,94.0,47.0,4
387,2022-01-22,64.0,24.0,44.45,5
388,2022-01-23,63.45,23.99,44.0,6
389,2022-01-24,76.89,121.55,57.0,0
390,2022-01-25,85.44,113.0,49.0,1
391,2022-01-26,68.44,118.0,45.56,2
392,2022-01-27,69.43,119.57,51.56,3
393,2022-01-28,78.43,129.57,48.56,4
394,2022-01-29,65.56,24.44,45.56,5
395,2022-01-30,64.56,26.44,45.56,6
396,2022-01-31,77.43,202.0,56.57,0
397,2022-02-01,87.44,81.0,51.0,1
398,2022-02-02,74.87,94.57,47.56,2
399,2022-02-03,76.43,82.56,47.57,3
400,2022-02-04,75.43,138.57,49.57,4
401,2022-02-05,63.57,31.43,44.57,5
402,2022-02-06,65.57,24.43,44.57,6
403,2022-02-07,67.0,89.57,48.42,0
404,2022-02-08,71.43,84.57,48.58,1
405,2022-02-09,74.42,78.58,52.58,2
406,2022-02-10,87.0,68.0,48.0,3
407,2022-02-11,76.81,88.6,47.59,4
408,2022-02-12,65.59,23.41,46.59,5
409,2022-02-13,66.59,29.41,46.0,6
410,2022-02-14,71.0,120.99,52.0,0
411,2022-02-15,74.6,98.4,45.6,1
412,2022-02-16,65.41,83.59,46.0,2
413,2022-02-17,71.41,81.59,43.0,3
414,2022-02-18,71.41,106.59,46.0,4
415,2022-02-19,58.6,27.0,42.4,5
416,2022-02-20,61.0,30.0,42.0,6
417,2022-02-21,72.0,71.0,46.0,0
418,2022-02-22,72.4,39.0,46.0,1
419,2022-02-23,69.4,44.0,45.0,2
420,2022-02-24,63.0,54.0,46.6,3
421,2022-02-25,72.0,65.99,45.61,4
422,2022-02-26,62.61,36.0,44.0,5
423,2022-02-27,59.61,29.0,44.39,6
424,2022-02-28,70.77,62.62,47.0,0
425,2022-03-01,75.77,65.62,47.61,1
426,2022-03-02,78.38,55.62,43.62,2
427,2022-03-03,76.38,107.62,46.0,3
428,2022-03-04,75.37,108.63,46.62,4
429,2022-03-05,57.62,33.38,42.62,5
430,2022-03-06,55.62,36.37,42.0,6
431,2022-03-07,76.37,84.0,46.0,0
432,2022-03-08,74.19,62.81,45.0,1
433,2022-03-09,61.36,57.63,46.0,2
434,2022-03-10,74.36,46.64,44.36,3
435,2022-03-11,70.0,64.97,45.67,4
436,2022-03-12,55.67,31.31,43.0,5
437,2022-03-13,55.0,34.0,42.31,6
438,2022-03-14,75.31,42.0,43.69,0
439,2022-03-15,72.28,49.71,44.0,1
440,2022-03-16,67.28,43.0,45.0,2
441,2022-03-17,70.0,50.0,43.0,3
442,2022-03-18,61.99,72.73,42.27,4
443,2022-03-19,59.0,21.0,42.0,5
444,2022-03-20,54.73,37.0,42.0,6
445,2022-03-21,70.0,33.0,43.0,0
446,2022-03-22,72.55,35.45,43.0,1
447,2022-03-23,70.0,35.0,43.73,2
448,2022-03-24,70.0,27.0,38.0,3
449,2022-03-25,65.27,25.73,44.0,4
450,2022-03-26,54.73,32.0,42.26,5
451,2022-03-27,54.74,30.0,41.26,6
452,2022-03-28,76.26,37.74,40.26,0
453,2022-03-29,75.26,28.74,44.0,1
454,2022-03-30,77.0,118.0,47.0,2
455,2022-03-31,77.0,90.0,44.99,3
456,2022-04-01,69.25,81.75,43.25,4
457,2022-04-02,62.75,34.25,43.0,5
458,2022-04-03,61.0,26.0,41.25,6
459,2022-04-04,78.25,79.75,44.0,0
460,2022-04-05,77.0,34.75,42.25,1
461,2022-04-06,72.0,98.25,45.0,2
462,2022-04-07,66.0,48.75,42.25,3
463,2022-04-08,63.0,54.0,41.25,4
464,2022-04-09,62.25,23.0,42.0,5
465,2022-04-10,60.0,41.25,41.0,6
466,2022-04-11,73.0,32.0,42.25,0
467,2022-04-12,73.25,23.75,42.25,1
468,2022-04-13,65.0,31.75,39.25,2
469,2022-04-14,63.25,24.75,42.0,3
470,2022-04-15,59.0,27.75,39.0,4
471,2022-04-16,54.75,42.25,38.75,5
472,2022-04-17,58.75,34.0,37.25,6
473,2022-04-18,55.75,41.0,38.0,0
474,2022-04-19,59.0,23.75,38.0,1
475,2022-04-20,55.0,27.76,39.0,2
476,2022-04-21,60.0,52.76,40.0,3
477,2022-04-22,65.0,43.99,37.99,4
478,2022-04-23,52.22,42.78,37.0,5
479,2022-04-24,55.78,50.0,40.0,6
480,2022-04-25,54.82,40.0,36.17,0
481,2022-04-26,57.16,29.0,37.84,1
482,2022-04-27,53.84,30.0,37.0,2
483,2022-04-28,54.85,30.0,36.0,3
484,2022-04-29,54.86,33.0,36.14,4
485,2022-04-30,53.86,46.0,36.0,5
486,2022-05-01,57.86,24.0,37.0,6
487,2022-05-02,57.86,31.0,40.14,0
488,2022-05-03,53.0,23.14,37.86,1
489,2022-05-04,58.0,37.86,39.0,2
490,2022-05-05,64.0,61.0,41.0,3
491,2022-05-06,61.14,59.86,41.0,4
492,2022-05-07,55.86,20.13,38.87,5
493,2022-05-08,54.87,24.0,37.0,6
494,2022-05-09,52.87,23.13,36.0,0
495,2022-05-10,51.0,28.0,35.0,1
496,2022-05-11,51.87,30.0,37.12,2
497,2022-05-12,51.0,27.0,37.0,3
498,2022-05-13,51.88,34.0,35.0,4
499,2022-05-14,51.89,43.0,34.11,5
500,2022-05-15,51.89,42.0,34.1,6
501,2022-05-16,51.0,34.94,38.06,0
502,2022-05-17,51.06,34.0,39.0,1
503,2022-05-18,51.06,34.0,36.0,2
504,2022-05-19,51.06,29.92,40.08,3
505,2022-05-20,51.08,22.0,36.87,4
506,2022-05-21,52.0,44.0,34.0,5
507,2022-05-22,51.14,41.0,36.86,6
508,2022-05-23,52.0,42.0,36.85,0
509,2022-05-24,51.0,31.85,37.0,1
510,2022-05-25,51.93,68.92,41.15,2
511,2022-05-26,61.0,67.0,37.15,3
512,2022-05-27,53.15,82.85,42.0,4
513,2022-05-28,51.0,36.0,39.0,5
514,2022-05-29,52.15,41.0,35.85,6
515,2022-05-30,54.0,49.85,38.15,0
516,2022-05-31,53.15,73.85,47.0,1
517,2022-06-01,63.15,45.85,45.15,2
518,2022-06-02,63.15,39.0,44.0,3
519,2022-06-03,65.15,40.85,48.0,4
520,2022-06-04,69.0,23.0,47.85,5
521,2022-06-05,69.85,33.15,49.0,6
522,2022-06-06,65.15,87.84,47.16,0
523,2022-06-07,64.16,79.84,47.0,1
524,2022-06-08,64.0,97.0,49.0,2
525,2022-06-09,70.16,92.84,45.0,3
526,2022-06-10,65.16,24.0,43.0,4
527,2022-06-11,64.16,56.0,44.0,5
528,2022-06-12,79.0,78.0,54.0,6
529,2022-06-13,80.0,89.0,46.16,0
530,2022-06-14,66.16,54.84,46.99,1
531,2022-06-15,67.83,103.0,52.0,2
532,2022-06-16,63.17,54.83,46.0,3
533,2022-06-17,64.17,105.91,49.05,4
534,2022-06-18,64.04,0.33,45.0,5
535,2022-06-19,65.67,2.0,43.33,6
536,2022-06-20,66.0,84.32,51.68,0
537,2022-06-21,67.0,105.0,52.0,1
538,2022-06-22,65.67,108.33,45.67,2
539,2022-06-23,65.67,139.33,52.0,3
540,2022-06-24,70.33,145.99,47.0,4
541,2022-06-25,75.0,8.68,44.0,5
542,2022-06-26,65.69,4.0,47.31,6
543,2022-06-27,66.69,157.31,55.0,0
544,2022-06-28,67.69,144.3,50.0,1
545,2022-06-29,69.7,3.0,45.3,2
546,2022-06-30,68.0,107.3,51.7,3
547,2022-07-01,67.71,77.0,46.0,4
548,2022-07-02,66.71,0.0,47.28,5
549,2022-07-03,67.0,8.28,51.99,6
550,2022-07-04,88.27,166.0,52.0,0
551,2022-07-05,72.73,170.27,52.0,1
552,2022-07-06,69.73,134.55,50.72,2
553,2022-07-07,72.0,133.27,55.73,3
554,2022-07-08,68.73,44.27,48.0,4
555,2022-07-09,66.73,1.0,45.27,5
556,2022-07-10,67.73,1.27,48.0,6
557,2022-07-11,68.73,106.27,51.98,0
558,2022-07-12,68.0,103.0,47.75,1
559,2022-07-13,69.0,95.0,47.99,2
560,2022-07-14,69.76,119.24,59.76,3
561,2022-07-15,83.0,99.0,50.0,4
562,2022-07-16,67.76,1.0,46.0,5
563,2022-07-17,69.76,42.24,57.76,6
564,2022-07-18,79.76,149.24,49.99,0
565,2022-07-19,72.23,169.99,49.78,1
566,2022-07-20,69.99,128.21,71.79,2
567,2022-07-21,92.0,119.0,50.79,3
568,2022-07-22,71.0,142.2,59.79,4
569,2022-07-23,69.8,1.0,49.2,5
570,2022-07-24,69.8,2.0,47.18,6
571,2022-07-25,87.35,182.99,58.83,0
572,2022-07-26,78.17,194.97,57.84,1
573,2022-07-27,81.13,145.0,58.86,2
574,2022-07-28,77.0,173.14,86.86,3
575,2022-07-29,95.86,122.28,52.86,4
576,2022-07-30,73.0,5.0,48.0,5
577,2022-07-31,69.86,3.14,48.0,6
578,2022-08-01,71.0,147.13,60.87,0
579,2022-08-02,73.14,130.13,58.87,1
580,2022-08-03,76.0,137.0,55.0,2
581,2022-08-04,75.0,124.13,54.87,3
582,2022-08-05,72.86,76.13,50.0,4
583,2022-08-06,69.0,2.87,51.0,5
584,2022-08-07,69.87,2.13,48.0,6
585,2022-08-08,80.12,17.0,49.0,0
586,2022-08-09,74.88,58.0,51.0,1
587,2022-08-10,70.88,11.0,47.12,2
588,2022-08-11,70.88,9.0,49.12,3
589,2022-08-12,74.0,19.88,48.12,4
590,2022-08-13,76.88,9.0,47.12,5
591,2022-08-14,68.88,1.0,48.11,6
592,2022-08-15,70.89,4.0,50.11,0
593,2022-08-16,72.0,3.89,50.11,1
594,2022-08-17,72.11,5.0,53.0,2
595,2022-08-18,77.0,39.89,55.11,3
596,2022-08-19,76.89,48.0,48.11,4
597,2022-08-20,72.89,12.0,51.11,5
598,2022-08-21,71.0,9.0,53.0,6
599,2022-08-22,72.89,20.0,48.1,0
600,2022-08-23,72.0,44.9,51.1,1
601,2022-08-24,73.0,14.1,49.0,2
602,2022-08-25,71.9,24.0,50.0,3
603,2022-08-26,72.91,22.0,50.09,4
604,2022-08-27,72.91,10.0,50.09,5
605,2022-08-28,71.91,9.09,50.0,6
606,2022-08-29,74.0,102.0,53.91,0
607,2022-08-30,75.0,129.0,52.91,1
608,2022-08-31,72.91,81.09,53.0,2
609,2022-09-01,73.0,120.0,53.0,3
610,2022-09-02,72.91,82.09,53.0,4
611,2022-09-03,74.0,29.0,50.0,5
612,2022-09-04,79.0,25.91,49.09,6
613,2022-09-05,72.0,138.17,56.83,0
614,2022-09-06,73.91,111.16,57.84,1
615,2022-09-07,73.92,122.16,56.92,2
616,2022-09-08,77.0,139.08,55.92,3
617,2022-09-09,75.0,117.08,56.92,4
618,2022-09-10,72.92,5.0,50.0,5
619,2022-09-11,71.92,5.08,50.92,6
620,2022-09-12,73.0,108.0,53.0,0
621,2022-09-13,72.92,110.15,58.85,1
622,2022-09-14,72.92,113.08,55.92,2
623,2022-09-15,78.0,142.07,56.93,3
624,2022-09-16,75.0,98.0,55.0,4
625,2022-09-17,74.92,11.0,50.08,5
626,2022-09-18,72.92,4.0,51.07,6
627,2022-09-19,73.07,58.0,53.0,0
628,2022-09-20,73.0,51.0,54.0,1
629,2022-09-21,73.93,19.06,53.0,2
630,2022-09-22,73.94,27.0,54.0,3
631,2022-09-23,74.0,12.99,52.0,4
632,2022-09-24,73.95,23.04,53.0,5
633,2022-09-25,78.0,29.96,52.04,6
634,2022-09-26,78.0,61.03,53.0,0
635,2022-09-27,75.0,36.0,54.0,1
636,2022-09-28,75.97,30.03,55.0,2
637,2022-09-29,74.97,41.03,54.0,3
638,2022-09-30,75.97,38.02,54.99,4
639,2022-10-01,76.0,16.99,52.0,5
640,2022-10-02,75.01,11.0,52.99,6
641,2022-10-03,75.0,51.0,54.0,0
642,2022-10-04,74.99,59.99,55.0,1
643,2022-10-05,75.03,38.95,54.05,2
644,2022-10-06,75.03,35.97,55.98,3
645,2022-10-07,75.0,30.94,52.0,4
646,2022-10-08,74.06,13.94,52.0,5
647,2022-10-09,76.0,15.06,51.94,6
648,2022-10-10,75.06,29.94,53.0,0
649,2022-10-11,75.06,45.87,55.13,1
650,2022-10-12,76.06,48.94,55.0,2
651,2022-10-13,78.99,61.0,54.07,3
652,2022-10-14,76.99,18.08,53.0,4
653,2022-10-15,76.08,9.92,53.0,5
654,2022-10-16,76.92,14.0,53.08,6
655,2022-10-17,77.99,33.0,54.09,0
656,2022-10-18,78.0,46.99,55.0,1
657,2022-10-19,77.0,38.0,54.1,2
658,2022-10-20,80.0,30.0,55.0,3
659,2022-10-21,76.1,39.9,54.1,4
660,2022-10-22,75.1,26.0,52.9,5
661,2022-10-23,76.99,20.0,53.0,6
662,2022-10-24,77.0,43.0,55.0,0
663,2022-10-25,76.11,47.89,54.99,1
664,2022-10-26,78.0,58.88,57.0,2
665,2022-10-27,77.0,52.87,55.13,3
666,2022-10-28,78.0,38.0,55.0,4
667,2022-10-29,76.13,14.87,53.13,5
668,2022-10-30,80.13,20.87,54.0,6
669,2022-10-31,71.13,24.0,53.87,0
670,2022-11-01,71.13,24.87,53.13,1
671,2022-11-02,75.0,57.0,55.13,2
672,2022-11-03,72.14,62.86,54.0,3
673,2022-11-04,76.14,66.86,55.0,4
674,2022-11-05,73.0,36.86,52.0,5
675,2022-11-06,72.14,20.86,53.0,6
676,2022-11-07,71.0,50.86,54.0,0
677,2022-11-08,71.14,51.86,53.99,1
678,2022-11-09,72.0,65.0,53.0,2
679,2022-11-10,74.0,89.0,53.15,3
680,2022-11-11,73.15,68.84,52.16,4
681,2022-11-12,72.0,40.0,51.16,5
682,2022-11-13,71.16,28.84,51.16,6
683,2022-11-14,74.99,69.17,54.83,0
684,2022-11-15,74.0,129.99,87.81,1
685,2022-11-16,120.0,80.0,54.19,2
686,2022-11-17,86.0,62.0,58.0,3
687,2022-11-18,93.0,59.0,58.0,4
688,2022-11-19,94.19,76.81,73.0,5
689,2022-11-20,128.0,42.0,64.0,6
690,2022-11-21,130.0,65.0,71.0,0
691,2022-11-22,120.0,140.81,89.19,1
692,2022-11-23,132.19,65.81,68.0,2
693,2022-11-24,122.0,62.0,64.0,3
694,2022-11-25,127.0,121.0,69.0,4
695,2022-11-26,131.0,90.81,89.19,5
696,2022-11-27,126.0,43.0,64.0,6
697,2022-11-28,137.62,142.38,74.0,0
698,2022-11-29,130.0,96.8,74.0,1
699,2022-11-30,131.99,96.0,73.0,2
700,2022-12-01,133.0,104.81,67.19,3
701,2022-12-02,127.0,150.79,77.99,4
702,2022-12-03,128.21,124.78,89.0,5
703,2022-12-04,130.0,97.99,84.74,6
704,2022-12-05,127.99,98.0,82.0,0
705,2022-12-06,132.0,68.0,64.0,1
706,2022-12-07,118.75,97.25,68.75,2
707,2022-12-08,121.0,97.0,86.0,3
708,2022-12-09,125.0,100.0,70.0,4
709,2022-12-10,106.0,80.0,77.0,5
710,2022-12-11,106.0,68.0,84.0,6
711,2022-12-12,144.0,118.26,81.0,0
712,2022-12-13,135.0,174.0,83.0,1
713,2022-12-14,126.74,167.25,84.0,2
714,2022-12-15,131.0,161.0,73.26,3
715,2022-12-16,124.0,127.0,81.0,4
716,2022-12-17,119.0,63.0,77.0,5
717,2022-12-18,128.0,90.0,71.75,6
718,2022-12-19,136.49,123.26,80.25,0
719,2022-12-20,123.75,126.25,78.0,1
720,2022-12-21,142.25,179.74,87.26,2
721,2022-12-22,135.0,84.26,73.0,3
722,2022-12-23,118.0,105.0,66.0,4
723,2022-12-24,114.0,71.0,74.74,5
724,2022-12-25,115.0,63.0,69.0,6
725,2022-12-26,114.0,70.0,63.99,0
726,2022-12-27,96.0,133.0,89.0,1
727,2022-12-28,132.72,79.27,66.0,2
728,2022-12-29,131.72,107.28,90.99,3
729,2022-12-30,130.29,87.0,54.0,4
730,2022-12-31,75.71,33.29,52.7,5
731,2023-01-01,75.3,32.7,52.3,6
732,2023-01-02,77.0,152.71,56.59,0
733,2023-01-03,79.71,139.29,55.0,1
734,2023-01-04,78.0,103.0,54.3,2
735,2023-01-05,80.71,164.28,56.0,3
736,2023-01-06,76.69,59.0,52.31,4
737,2023-01-07,75.31,56.69,52.31,5
738,2023-01-08,75.0,41.0,52.31,6
739,2023-01-09,79.0,173.7,59.3,0
740,2023-01-10,76.31,126.39,58.3,1
741,2023-01-11,79.38,156.62,58.0,2
742,2023-01-12,81.69,127.31,57.0,3
743,2023-01-13,81.68,165.31,77.0,4
744,2023-01-14,95.99,29.0,60.0,5
745,2023-01-15,97.33,78.67,66.0,6
746,2023-01-16,99.0,177.0,58.0,0
747,2023-01-17,76.67,166.0,56.0,1
748,2023-01-18,78.0,159.0,58.0,2
749,2023-01-19,79.67,159.33,60.0,3
750,2023-01-20,80.34,227.0,65.33,4
751,2023-01-21,98.33,37.67,71.0,5
752,2023-01-22,119.33,61.67,82.0,6
753,2023-01-23,128.67,238.32,59.67,0
754,2023-01-24,78.31,134.69,59.34,1
755,2023-01-25,86.31,176.69,61.0,2
756,2023-01-26,79.66,104.65,61.35,3
757,2023-01-27,82.65,141.34,71.0,4
758,2023-01-28,96.0,70.0,64.0,5
759,2023-01-29,94.65,30.0,64.0,6
760,2023-01-30,102.66,151.0,61.34,0
761,2023-01-31,77.65,145.64,57.71,1
762,2023-02-01,78.29,159.35,59.35,2
763,2023-02-02,81.65,127.35,59.0,3
764,2023-02-03,82.29,96.35,54.0,4
765,2023-02-04,75.0,19.36,52.64,5
766,2023-02-05,75.0,17.64,52.36,6
767,2023-02-06,77.63,131.37,59.36,0
768,2023-02-07,79.63,109.37,56.0,1
769,2023-02-08,77.63,141.37,55.0,2
770,2023-02-09,85.63,153.37,56.36,3
771,2023-02-10,81.27,111.73,69.0,4
772,2023-02-11,96.36,25.64,65.0,5
773,2023-02-12,97.36,37.0,65.0,6
774,2023-02-13,104.63,152.37,58.0,0
775,2023-02-14,78.63,96.37,53.36,1
776,2023-02-15,77.63,93.37,54.0,2
777,2023-02-16,78.27,156.36,54.0,3
778,2023-02-17,78.0,74.0,53.0,4
779,2023-02-18,70.37,20.63,51.37,5
780,2023-02-19,73.0,28.0,51.0,6
781,2023-02-20,80.0,87.37,55.0,0
782,2023-02-21,78.0,125.0,53.0,1
783,2023-02-22,78.62,74.38,54.37,2
784,2023-02-23,77.0,84.0,55.0,3
785,2023-02-24,79.0,88.0,52.38,4
786,2023-02-25,73.38,44.0,51.62,5
787,2023-02-26,72.62,41.0,51.0,6
788,2023-02-27,77.63,119.37,67.0,0
789,2023-02-28,92.0,120.0,55.38,1
790,2023-03-01,78.63,116.37,56.0,2
791,2023-03-02,75.62,108.38,54.0,3
792,2023-03-03,71.62,74.38,54.0,4
793,2023-03-04,68.38,12.62,52.0,5
794,2023-03-05,69.38,9.62,53.0,6
795,2023-03-06,74.62,104.99,55.39,0
796,2023-03-07,72.39,82.22,56.39,1
797,2023-03-08,75.39,68.61,53.0,2
798,2023-03-09,73.61,80.0,53.99,3
799,2023-03-10,70.6,59.0,51.4,4
800,2023-03-11,68.4,22.0,50.0,5
801,2023-03-12,63.41,7.59,50.99,6
802,2023-03-13,64.0,25.0,51.57,0
803,2023-03-14,64.43,98.57,52.43,1
804,2023-03-15,63.43,27.57,52.0,2
805,2023-03-16,63.57,14.43,52.0,3
806,2023-03-17,65.45,19.55,51.45,4
807,2023-03-18,62.45,8.0,50.0,5
808,2023-03-19,67.45,25.55,49.0,6
809,2023-03-20,70.0,132.0,62.99,0
810,2023-03-21,78.0,28.46,51.54,1
811,2023-03-22,62.54,17.99,52.0,2
812,2023-03-23,62.47,16.0,50.53,3
813,2023-03-24,61.47,11.53,51.47,4
814,2023-03-25,61.47,10.52,49.48,5
815,2023-03-26,62.0,5.48,46.0,6
816,2023-03-27,73.0,47.48,48.52,0
817,2023-03-28,70.0,14.0,48.52,1
818,2023-03-29,73.52,45.96,47.0,2
819,2023-03-30,69.0,28.48,49.52,3
820,2023-03-31,69.0,29.0,48.0,4
821,2023-04-01,67.48,3.0,47.52,5
822,2023-04-02,67.52,9.48,48.52,6
823,2023-04-03,68.48,7.52,47.0,0
824,2023-04-04,67.48,43.52,48.0,1
825,2023-04-05,72.52,78.99,50.0,2
826,2023-04-06,72.0,24.49,48.51,3
827,2023-04-07,69.49,5.0,46.51,4
828,2023-04-08,72.51,15.0,47.0,5
829,2023-04-09,66.51,5.49,46.51,6
830,2023-04-10,65.49,2.0,46.0,0
831,2023-04-11,74.0,26.5,48.5,1
832,2023-04-12,69.49,11.51,48.0,2
833,2023-04-13,74.48,103.03,50.49,3
834,2023-04-14,74.49,84.0,55.0,4
835,2023-04-15,98.0,75.0,59.0,5
836,2023-04-16,91.49,7.51,53.0,6
837,2023-04-17,90.0,21.51,46.49,0
838,2023-04-18,66.51,34.0,47.48,1
839,2023-04-19,69.0,8.0,46.0,2
840,2023-04-20,65.0,12.0,46.0,3
841,2023-04-21,64.52,3.0,46.0,4
842,2023-04-22,62.53,0.0,45.47,5
843,2023-04-23,64.0,2.0,44.47,6
844,2023-04-24,70.53,8.0,45.47,0
845,2023-04-25,63.0,6.0,44.47,1
846,2023-04-26,63.53,2.0,45.47,2
847,2023-04-27,62.53,1.0,45.47,3
848,2023-04-28,63.0,1.0,46.0,4
849,2023-04-29,62.53,9.45,45.0,5
850,2023-04-30,63.0,19.55,47.45,6
851,2023-05-01,69.0,27.55,47.45,0
852,2023-05-02,64.55,33.45,47.55,1
853,2023-05-03,65.55,13.0,46.45,2
854,2023-05-04,62.0,7.45,46.0,3
855,2023-05-05,62.55,3.0,44.44,4
856,2023-05-06,61.0,1.0,42.44,5
857,2023-05-07,62.0,0.0,44.0,6
858,2023-05-08,68.0,63.0,50.56,0
859,2023-05-09,61.56,4.0,44.44,1
860,2023-05-10,72.0,32.56,47.0,2
861,2023-05-11,61.56,19.0,47.44,3
862,2023-05-12,66.56,12.0,44.44,4
863,2023-05-13,70.0,36.44,49.0,5
864,2023-05-14,69.0,9.0,44.43,6
865,2023-05-15,62.0,25.0,50.43,0
866,2023-05-16,68.57,32.43,47.0,1
867,2023-05-17,68.99,47.58,47.0,2
868,2023-05-18,63.58,32.0,44.42,3
869,2023-05-19,65.0,33.0,47.0,4
870,2023-05-20,68.58,35.0,46.41,5
871,2023-05-21,66.59,20.41,41.0,6
872,2023-05-22,59.59,21.41,44.59,0
873,2023-05-23,59.59,14.41,47.0,1
874,2023-05-24,59.0,8.41,44.0,2
875,2023-05-25,60.0,39.0,47.41,3
876,2023-05-26,58.0,20.0,41.4,4
877,2023-05-27,58.6,1.4,42.0,5
878,2023-05-28,59.6,1.0,38.4,6
879,2023-05-29,60.6,58.4,52.6,0
880,2023-05-30,59.6,23.0,41.0,1
881,2023-05-31,59.6,23.0,42.0,2
882,2023-06-01,66.6,15.0,46.39,3
883,2023-06-02,59.61,1.0,40.39,4
884,2023-06-03,59.61,2.0,39.0,5
885,2023-06-04,58.62,7.37,46.0,6
886,2023-06-05,68.63,31.37,45.98,0
887,2023-06-06,59.0,29.35,43.99,1
888,2023-06-07,58.66,19.0,42.34,2
889,2023-06-08,59.66,52.34,44.0,3
890,2023-06-09,59.66,22.34,44.0,4
891,2023-06-10,63.66,2.0,40.0,5
892,2023-06-11,59.66,2.0,42.33,6
893,2023-06-12,58.67,41.26,51.74,0
894,2023-06-13,65.74,81.38,50.8,1
895,2023-06-14,60.0,65.17,46.83,2
896,2023-06-15,60.83,41.0,42.17,3
897,2023-06-16,59.83,15.0,44.0,4
898,2023-06-17,59.85,0.0,40.11,5
899,2023-06-18,62.89,0.0,41.0,6
900,2023-06-19,62.0,79.89,45.0,0
901,2023-06-20,61.99,114.99,46.0,1
902,2023-06-21,62.0,83.22,48.83,2
903,2023-06-22,64.0,90.08,55.91,3
904,2023-06-23,65.92,78.99,47.0,4
905,2023-06-24,61.09,11.0,42.9,5
906,2023-06-25,61.1,3.86,40.0,6
907,2023-06-26,63.0,124.86,50.14,0
908,2023-06-27,63.86,106.0,45.0,1
909,2023-06-28,62.7,142.22,45.0,2
910,2023-06-29,63.22,6.0,43.77,3
911,2023-06-30,63.0,3.0,43.0,4
912,2023-07-01,67.9,22.99,47.0,5
913,2023-07-02,62.34,1.0,40.47,6
914,2023-07-03,68.47,77.99,47.0,0
915,2023-07-04,62.0,103.44,43.0,1
916,2023-07-05,63.0,85.56,42.0,2
917,2023-07-06,63.68,96.3,49.0,3
918,2023-07-07,67.7,104.0,44.25,4
919,2023-07-08,62.0,1.75,43.25,5
920,2023-07-09,63.75,0.0,43.25,6
921,2023-07-10,67.0,181.26,47.74,0
922,2023-07-11,64.24,164.24,68.52,1
923,2023-07-12,69.0,132.0,46.76,2
924,2023-07-13,65.0,157.99,54.0,3
925,2023-07-14,66.97,130.0,68.0,4
926,2023-07-15,73.81,2.0,53.18,5
927,2023-07-16,75.82,3.0,55.02,6
928,2023-07-17,83.99,184.98,62.0,0
929,2023-07-18,67.99,164.99,63.98,1
930,2023-07-19,65.99,193.89,52.17,2
931,2023-07-20,65.0,169.91,57.09,3
932,2023-07-21,67.91,156.9,49.19,4
933,2023-07-22,74.98,71.99,49.12,5
934,2023-07-23,73.99,86.84,90.13,6
935,2023-07-24,112.8,176.18,58.99,0
936,2023-07-25,75.94,184.74,53.51,1
937,2023-07-26,72.0,155.0,51.0,2
938,2023-07-27,66.99,89.99,50.28,3
939,2023-07-28,67.99,57.99,54.3,4
940,2023-07-29,71.31,2.0,48.67,5
941,2023-07-30,72.33,5.0,49.62,6
942,2023-07-31,76.32,161.53,58.97,0
943,2023-08-01,77.96,111.99,52.83,1
944,2023-08-02,74.0,131.22,57.56,2
945,2023-08-03,75.0,126.99,54.99,3
946,2023-08-04,72.0,86.0,52.0,4
947,2023-08-05,68.81,15.18,45.0,5
948,2023-08-06,65.0,4.0,43.15,6
949,2023-08-07,66.85,2.0,44.14,0
950,2023-08-08,66.86,14.14,46.0,1
951,2023-08-09,66.86,1.0,45.0,2
952,2023-08-10,66.88,1.0,43.09,3
953,2023-08-11,64.91,1.0,44.98,4
954,2023-08-12,66.0,0.95,44.05,5
955,2023-08-13,67.06,1.0,43.92,6
956,2023-08-14,66.08,0.92,44.0,0
957,2023-08-15,67.08,0.92,45.0,1
958,2023-08-16,68.0,3.0,45.67,2
959,2023-08-17,68.0,2.0,45.54,3
960,2023-08-18,67.46,22.35,46.65,4
961,2023-08-19,69.66,3.0,53.32,5
962,2023-08-20,74.68,6.0,48.0,6
963,2023-08-21,68.71,2.29,50.0,0
964,2023-08-22,71.0,2.0,49.25,1
965,2023-08-23,71.75,2.0,50.23,2
966,2023-08-24,71.77,2.0,50.22,3
967,2023-08-25,69.78,2.0,48.22,4
968,2023-08-26,67.78,2.0,48.2,5
969,2023-08-27,69.8,2.2,51.0,6
970,2023-08-28,79.19,153.8,52.0,0
971,2023-08-29,81.0,83.0,53.0,1
972,2023-08-30,69.93,48.99,53.0,2
973,2023-08-31,69.94,73.95,49.04,3
974,2023-09-01,69.9,53.99,50.11,4
975,2023-09-02,71.11,3.0,49.87,5
976,2023-09-03,73.0,1.13,49.85,6
977,2023-09-04,76.0,143.84,56.15,0
978,2023-09-05,71.0,82.81,57.17,1
979,2023-09-06,72.18,87.81,55.0,2
980,2023-09-07,72.19,105.0,53.79,3
981,2023-09-08,74.79,76.0,72.0,4
982,2023-09-09,98.21,9.77,61.0,5
983,2023-09-10,85.75,6.25,58.75,6
984,2023-09-11,86.0,121.74,56.51,0
985,2023-09-12,73.26,114.74,56.0,1
986,2023-09-13,74.26,81.74,55.0,2
987,2023-09-14,74.26,88.74,55.0,3
988,2023-09-15,77.0,72.75,54.51,4
989,2023-09-16,77.0,21.0,52.0,5
990,2023-09-17,74.0,8.0,50.74,6
991,2023-09-18,76.26,96.74,55.0,0
992,2023-09-19,77.0,104.0,57.0,1
993,2023-09-20,77.0,106.0,55.26,2
994,2023-09-21,79.0,95.0,58.0,3
995,2023-09-22,81.0,116.0,58.0,4
996,2023-09-23,80.0,16.26,54.74,5
997,2023-09-24,77.26,10.73,54.0,6
998,2023-09-25,78.27,64.73,56.0,0
999,2023-09-26,77.0,65.73,55.99,1
1000,2023-09-27,77.99,97.0,57.0,2
1001,2023-09-28,76.29,73.71,60.0,3
1002,2023-09-29,80.29,39.7,58.3,4
1003,2023-09-30,81.3,8.69,56.0,5
1004,2023-10-01,81.31,10.0,56.69,6
1005,2023-10-02,82.0,70.38,60.62,0
1006,2023-10-03,81.0,76.0,60.99,1
1007,2023-10-04,81.0,63.68,60.32,2
1008,2023-10-05,82.0,79.0,59.0,3
1009,2023-10-06,82.0,70.68,61.32,4
1010,2023-10-07,82.0,13.99,58.0,5
1011,2023-10-08,83.33,13.0,57.67,6
1012,2023-10-09,84.0,68.67,60.33,0
1013,2023-10-10,83.0,82.0,60.0,1
1014,2023-10-11,82.33,63.67,60.0,2
1015,2023-10-12,83.0,77.99,60.0,3
1016,2023-10-13,80.66,77.89,58.0,4
1017,2023-10-14,81.53,73.99,55.0,5
1018,2023-10-15,81.48,74.26,54.25,6
1019,2023-10-16,81.0,89.0,58.0,0
1020,2023-10-17,81.0,50.0,60.0,1
1021,2023-10-18,81.0,84.49,57.0,2
1022,2023-10-19,80.0,58.49,54.0,3
1023,2023-10-20,76.0,79.48,53.52,4
1024,2023-10-21,77.0,34.99,52.77,5
1025,2023-10-22,75.26,20.46,52.0,6
1026,2023-10-23,75.0,60.43,57.11,0
1027,2023-10-24,75.56,68.44,54.0,1
1028,2023-10-25,76.0,51.0,54.44,2
1029,2023-10-26,75.56,57.43,54.99,3
1030,2023-10-27,77.0,74.0,54.58,4
1031,2023-10-28,75.58,27.42,52.0,5
1032,2023-10-29,79.0,24.58,52.42,6
1033,2023-10-30,71.0,85.42,54.16,0
1034,2023-10-31,74.0,71.58,54.42,1
1035,2023-11-01,74.0,57.58,52.41,2
1036,2023-11-02,74.59,70.41,57.0,3
1037,2023-11-03,73.0,59.41,53.0,4
1038,2023-11-04,70.0,29.41,52.59,5
1039,2023-11-05,74.59,33.41,52.0,6
1040,2023-11-06,72.0,55.41,56.0,0
1041,2023-11-07,79.0,100.59,58.41,1
1042,2023-11-08,76.59,51.41,58.0,2
1043,2023-11-09,78.59,76.41,58.0,3
1044,2023-11-10,91.81,99.19,58.0,4
1045,2023-11-11,76.59,31.41,56.0,5
1046,2023-11-12,81.0,52.0,56.0,6
