ID,Date,Consumption
0,2021-01-01 00:00:00 -> 2021-01-01 23:55:00,104.78
1,2021-01-02 00:00:00 -> 2021-01-02 23:55:00,104.78
2,2021-01-03 00:00:00 -> 2021-01-03 23:55:00,106.00
3,2021-01-04 00:00:00 -> 2021-01-04 23:55:00,104.79
4,2021-01-05 00:00:00 -> 2021-01-05 23:55:00,106.00
5,2021-01-06 00:00:00 -> 2021-01-06 23:55:00,104.00
6,2021-01-07 00:00:00 -> 2021-01-07 23:55:00,105.00
7,2021-01-08 00:00:00 -> 2021-01-08 23:55:00,104.80
8,2021-01-09 00:00:00 -> 2021-01-09 23:55:00,104.80
9,2021-01-10 00:00:00 -> 2021-01-10 23:55:00,104.80
10,2021-01-11 00:00:00 -> 2021-01-11 23:55:00,104.80
11,2021-01-12 00:00:00 -> 2021-01-12 23:55:00,103.80
12,2021-01-13 00:00:00 -> 2021-01-13 23:55:00,103.80
13,2021-01-14 00:00:00 -> 2021-01-14 23:55:00,104.00
14,2021-01-15 00:00:00 -> 2021-01-15 23:55:00,104.00
15,2021-01-16 00:00:00 -> 2021-01-16 23:55:00,104.80
16,2021-01-17 00:00:00 -> 2021-01-17 23:55:00,104.00
17,2021-01-18 00:00:00 -> 2021-01-18 23:55:00,102.20
18,2021-01-19 00:00:00 -> 2021-01-19 23:55:00,103.00
19,2021-01-20 00:00:00 -> 2021-01-20 23:55:00,103.80
20,2021-01-21 00:00:00 -> 2021-01-21 23:55:00,104.00
21,2021-01-22 00:00:00 -> 2021-01-22 23:55:00,103.00
22,2021-01-23 00:00:00 -> 2021-01-23 23:55:00,103.00
23,2021-01-24 00:00:00 -> 2021-01-24 23:55:00,104.00
24,2021-01-25 00:00:00 -> 2021-01-25 23:55:00,105.00
25,2021-01-26 00:00:00 -> 2021-01-26 23:55:00,105.00
26,2021-01-27 00:00:00 -> 2021-01-27 23:55:00,104.82
27,2021-01-28 00:00:00 -> 2021-01-28 23:55:00,104.00
28,2021-01-29 00:00:00 -> 2021-01-29 23:55:00,103.00
29,2021-01-30 00:00:00 -> 2021-01-30 23:55:00,103.18
30,2021-01-31 00:00:00 -> 2021-01-31 23:55:00,102.18
31,2021-02-01 00:00:00 -> 2021-02-01 23:55:00,110.00
32,2021-02-02 00:00:00 -> 2021-02-02 23:55:00,120.00
33,2021-02-03 00:00:00 -> 2021-02-03 23:55:00,120.18
34,2021-02-04 00:00:00 -> 2021-02-04 23:55:00,120.00
35,2021-02-05 00:00:00 -> 2021-02-05 23:55:00,120.82
36,2021-02-06 00:00:00 -> 2021-02-06 23:55:00,120.00
37,2021-02-07 00:00:00 -> 2021-02-07 23:55:00,120.00
38,2021-02-08 00:00:00 -> 2021-02-08 23:55:00,121.00
39,2021-02-09 00:00:00 -> 2021-02-09 23:55:00,120.00
40,2021-02-10 00:00:00 -> 2021-02-10 23:55:00,120.00
41,2021-02-11 00:00:00 -> 2021-02-11 23:55:00,121.00
42,2021-02-12 00:00:00 -> 2021-02-12 23:55:00,122.32
43,2021-02-13 00:00:00 -> 2021-02-13 23:55:00,118.00
44,2021-02-14 00:00:00 -> 2021-02-14 23:55:00,114.68
45,2021-02-15 00:00:00 -> 2021-02-15 23:55:00,114.00
46,2021-02-16 00:00:00 -> 2021-02-16 23:55:00,113.32
47,2021-02-17 00:00:00 -> 2021-02-17 23:55:00,114.00
48,2021-02-18 00:00:00 -> 2021-02-18 23:55:00,113.00
49,2021-02-19 00:00:00 -> 2021-02-19 23:55:00,113.00
50,2021-02-20 00:00:00 -> 2021-02-20 23:55:00,112.00
51,2021-02-21 00:00:00 -> 2021-02-21 23:55:00,113.00
52,2021-02-22 00:00:00 -> 2021-02-22 23:55:00,113.00
53,2021-02-23 00:00:00 -> 2021-02-23 23:55:00,113.00
54,2021-02-24 00:00:00 -> 2021-02-24 23:55:00,114.00
55,2021-02-25 00:00:00 -> 2021-02-25 23:55:00,113.33
56,2021-02-26 00:00:00 -> 2021-02-26 23:55:00,113.33
57,2021-02-27 00:00:00 -> 2021-02-27 23:55:00,113.34
58,2021-02-28 00:00:00 -> 2021-02-28 23:55:00,113.00
59,2021-03-01 00:00:00 -> 2021-03-01 23:55:00,114.00
60,2021-03-02 00:00:00 -> 2021-03-02 23:55:00,114.34
61,2021-03-03 00:00:00 -> 2021-03-03 23:55:00,114.66
62,2021-03-04 00:00:00 -> 2021-03-04 23:55:00,114.65
63,2021-03-05 00:00:00 -> 2021-03-05 23:55:00,114.00
64,2021-03-06 00:00:00 -> 2021-03-06 23:55:00,113.35
65,2021-03-07 00:00:00 -> 2021-03-07 23:55:00,114.65
66,2021-03-08 00:00:00 -> 2021-03-08 23:55:00,113.64
67,2021-03-09 00:00:00 -> 2021-03-09 23:55:00,114.00
68,2021-03-10 00:00:00 -> 2021-03-10 23:55:00,114.00
69,2021-03-11 00:00:00 -> 2021-03-11 23:55:00,114.00
70,2021-03-12 00:00:00 -> 2021-03-12 23:55:00,113.64
71,2021-03-13 00:00:00 -> 2021-03-13 23:55:00,112.64
72,2021-03-14 00:00:00 -> 2021-03-14 23:55:00,113.00
73,2021-03-15 00:00:00 -> 2021-03-15 23:55:00,113.36
74,2021-03-16 00:00:00 -> 2021-03-16 23:55:00,114.00
75,2021-03-17 00:00:00 -> 2021-03-17 23:55:00,113.74
76,2021-03-18 00:00:00 -> 2021-03-18 23:55:00,113.73
77,2021-03-19 00:00:00 -> 2021-03-19 23:55:00,112.73
78,2021-03-20 00:00:00 -> 2021-03-20 23:55:00,113.73
79,2021-03-21 00:00:00 -> 2021-03-21 23:55:00,113.73
80,2021-03-22 00:00:00 -> 2021-03-22 23:55:00,114.00
81,2021-03-23 00:00:00 -> 2021-03-23 23:55:00,115.27
82,2021-03-24 00:00:00 -> 2021-03-24 23:55:00,114.27
83,2021-03-25 00:00:00 -> 2021-03-25 23:55:00,115.00
84,2021-03-26 00:00:00 -> 2021-03-26 23:55:00,115.00
85,2021-03-27 00:00:00 -> 2021-03-27 23:55:00,114.00
86,2021-03-28 00:00:00 -> 2021-03-28 23:55:00,109.00
87,2021-03-29 00:00:00 -> 2021-03-29 23:55:00,114.41
88,2021-03-30 00:00:00 -> 2021-03-30 23:55:00,113.00
89,2021-03-31 00:00:00 -> 2021-03-31 23:55:00,111.59
90,2021-04-01 00:00:00 -> 2021-04-01 23:55:00,112.59
91,2021-04-02 00:00:00 -> 2021-04-02 23:55:00,112.59
92,2021-04-03 00:00:00 -> 2021-04-03 23:55:00,114.00
93,2021-04-04 00:00:00 -> 2021-04-04 23:55:00,112.41
94,2021-04-05 00:00:00 -> 2021-04-05 23:55:00,113.41
95,2021-04-06 00:00:00 -> 2021-04-06 23:55:00,114.00
96,2021-04-07 00:00:00 -> 2021-04-07 23:55:00,115.00
97,2021-04-08 00:00:00 -> 2021-04-08 23:55:00,115.41
98,2021-04-09 00:00:00 -> 2021-04-09 23:55:00,115.00
99,2021-04-10 00:00:00 -> 2021-04-10 23:55:00,114.59
100,2021-04-11 00:00:00 -> 2021-04-11 23:55:00,113.00
101,2021-04-12 00:00:00 -> 2021-04-12 23:55:00,115.00
102,2021-04-13 00:00:00 -> 2021-04-13 23:55:00,114.41
103,2021-04-14 00:00:00 -> 2021-04-14 23:55:00,114.41
104,2021-04-15 00:00:00 -> 2021-04-15 23:55:00,114.00
105,2021-04-16 00:00:00 -> 2021-04-16 23:55:00,114.59
106,2021-04-17 00:00:00 -> 2021-04-17 23:55:00,114.00
107,2021-04-18 00:00:00 -> 2021-04-18 23:55:00,114.41
108,2021-04-19 00:00:00 -> 2021-04-19 23:55:00,112.00
109,2021-04-20 00:00:00 -> 2021-04-20 23:55:00,108.59
110,2021-04-21 00:00:00 -> 2021-04-21 23:55:00,119.44
111,2021-04-22 00:00:00 -> 2021-04-22 23:55:00,142.00
112,2021-04-23 00:00:00 -> 2021-04-23 23:55:00,141.15
113,2021-04-24 00:00:00 -> 2021-04-24 23:55:00,141.85
114,2021-04-25 00:00:00 -> 2021-04-25 23:55:00,141.85
115,2021-04-26 00:00:00 -> 2021-04-26 23:55:00,142.00
116,2021-04-27 00:00:00 -> 2021-04-27 23:55:00,141.99
117,2021-04-28 00:00:00 -> 2021-04-28 23:55:00,143.00
118,2021-04-29 00:00:00 -> 2021-04-29 23:55:00,142.01
119,2021-04-30 00:00:00 -> 2021-04-30 23:55:00,142.00
120,2021-05-01 00:00:00 -> 2021-05-01 23:55:00,142.01
121,2021-05-02 00:00:00 -> 2021-05-02 23:55:00,143.00
122,2021-05-03 00:00:00 -> 2021-05-03 23:55:00,143.99
123,2021-05-04 00:00:00 -> 2021-05-04 23:55:00,143.99
124,2021-05-05 00:00:00 -> 2021-05-05 23:55:00,143.00
125,2021-05-06 00:00:00 -> 2021-05-06 23:55:00,144.00
126,2021-05-07 00:00:00 -> 2021-05-07 23:55:00,143.00
127,2021-05-08 00:00:00 -> 2021-05-08 23:55:00,141.00
128,2021-05-09 00:00:00 -> 2021-05-09 23:55:00,142.00
129,2021-05-10 00:00:00 -> 2021-05-10 23:55:00,143.00
130,2021-05-11 00:00:00 -> 2021-05-11 23:55:00,143.00
131,2021-05-12 00:00:00 -> 2021-05-12 23:55:00,144.00
132,2021-05-13 00:00:00 -> 2021-05-13 23:55:00,144.68
133,2021-05-14 00:00:00 -> 2021-05-14 23:55:00,144.00
134,2021-05-15 00:00:00 -> 2021-05-15 23:55:00,143.99
135,2021-05-16 00:00:00 -> 2021-05-16 23:55:00,143.67
136,2021-05-17 00:00:00 -> 2021-05-17 23:55:00,143.00
137,2021-05-18 00:00:00 -> 2021-05-18 23:55:00,143.67
138,2021-05-19 00:00:00 -> 2021-05-19 23:55:00,144.00
139,2021-05-20 00:00:00 -> 2021-05-20 23:55:00,142.33
140,2021-05-21 00:00:00 -> 2021-05-21 23:55:00,143.33
141,2021-05-22 00:00:00 -> 2021-05-22 23:55:00,144.00
142,2021-05-23 00:00:00 -> 2021-05-23 23:55:00,143.74
143,2021-05-24 00:00:00 -> 2021-05-24 23:55:00,143.00
144,2021-05-25 00:00:00 -> 2021-05-25 23:55:00,143.39
145,2021-05-26 00:00:00 -> 2021-05-26 23:55:00,145.00
146,2021-05-27 00:00:00 -> 2021-05-27 23:55:00,143.00
147,2021-05-28 00:00:00 -> 2021-05-28 23:55:00,143.00
148,2021-05-29 00:00:00 -> 2021-05-29 23:55:00,144.00
149,2021-05-30 00:00:00 -> 2021-05-30 23:55:00,144.77
150,2021-05-31 00:00:00 -> 2021-05-31 23:55:00,144.00
151,2021-06-01 00:00:00 -> 2021-06-01 23:55:00,144.00
152,2021-06-02 00:00:00 -> 2021-06-02 23:55:00,143.71
153,2021-06-03 00:00:00 -> 2021-06-03 23:55:00,145.71
154,2021-06-04 00:00:00 -> 2021-06-04 23:55:00,148.00
155,2021-06-05 00:00:00 -> 2021-06-05 23:55:00,144.71
156,2021-06-06 00:00:00 -> 2021-06-06 23:55:00,144.00
157,2021-06-07 00:00:00 -> 2021-06-07 23:55:00,144.29
158,2021-06-08 00:00:00 -> 2021-06-08 23:55:00,144.99
159,2021-06-09 00:00:00 -> 2021-06-09 23:55:00,146.00
160,2021-06-10 00:00:00 -> 2021-06-10 23:55:00,145.32
161,2021-06-11 00:00:00 -> 2021-06-11 23:55:00,145.32
162,2021-06-12 00:00:00 -> 2021-06-12 23:55:00,147.00
163,2021-06-13 00:00:00 -> 2021-06-13 23:55:00,145.68
164,2021-06-14 00:00:00 -> 2021-06-14 23:55:00,144.68
165,2021-06-15 00:00:00 -> 2021-06-15 23:55:00,145.19
166,2021-06-16 00:00:00 -> 2021-06-16 23:55:00,147.19
167,2021-06-17 00:00:00 -> 2021-06-17 23:55:00,145.00
168,2021-06-18 00:00:00 -> 2021-06-18 23:55:00,146.00
169,2021-06-19 00:00:00 -> 2021-06-19 23:55:00,146.19
170,2021-06-20 00:00:00 -> 2021-06-20 23:55:00,147.00
171,2021-06-21 00:00:00 -> 2021-06-21 23:55:00,143.81
172,2021-06-22 00:00:00 -> 2021-06-22 23:55:00,147.00
173,2021-06-23 00:00:00 -> 2021-06-23 23:55:00,145.00
174,2021-06-24 00:00:00 -> 2021-06-24 23:55:00,148.00
175,2021-06-25 00:00:00 -> 2021-06-25 23:55:00,147.00
176,2021-06-26 00:00:00 -> 2021-06-26 23:55:00,147.19
177,2021-06-27 00:00:00 -> 2021-06-27 23:55:00,151.00
178,2021-06-28 00:00:00 -> 2021-06-28 23:55:00,150.00
179,2021-06-29 00:00:00 -> 2021-06-29 23:55:00,150.19
180,2021-06-30 00:00:00 -> 2021-06-30 23:55:00,148.00
181,2021-07-01 00:00:00 -> 2021-07-01 23:55:00,149.00
182,2021-07-02 00:00:00 -> 2021-07-02 23:55:00,153.00
183,2021-07-03 00:00:00 -> 2021-07-03 23:55:00,151.00
184,2021-07-04 00:00:00 -> 2021-07-04 23:55:00,147.81
185,2021-07-05 00:00:00 -> 2021-07-05 23:55:00,148.00
186,2021-07-06 00:00:00 -> 2021-07-06 23:55:00,150.00
187,2021-07-07 00:00:00 -> 2021-07-07 23:55:00,150.00
188,2021-07-08 00:00:00 -> 2021-07-08 23:55:00,160.00
189,2021-07-09 00:00:00 -> 2021-07-09 23:55:00,159.89
190,2021-07-10 00:00:00 -> 2021-07-10 23:55:00,156.56
191,2021-07-11 00:00:00 -> 2021-07-11 23:55:00,160.04
192,2021-07-12 00:00:00 -> 2021-07-12 23:55:00,155.26
193,2021-07-13 00:00:00 -> 2021-07-13 23:55:00,153.26
194,2021-07-14 00:00:00 -> 2021-07-14 23:55:00,153.00
195,2021-07-15 00:00:00 -> 2021-07-15 23:55:00,153.74
196,2021-07-16 00:00:00 -> 2021-07-16 23:55:00,155.00
197,2021-07-17 00:00:00 -> 2021-07-17 23:55:00,154.26
198,2021-07-18 00:00:00 -> 2021-07-18 23:55:00,156.26
199,2021-07-19 00:00:00 -> 2021-07-19 23:55:00,155.00
200,2021-07-20 00:00:00 -> 2021-07-20 23:55:00,156.00
201,2021-07-21 00:00:00 -> 2021-07-21 23:55:00,156.00
202,2021-07-22 00:00:00 -> 2021-07-22 23:55:00,167.00
203,2021-07-23 00:00:00 -> 2021-07-23 23:55:00,161.59
204,2021-07-24 00:00:00 -> 2021-07-24 23:55:00,161.00
205,2021-07-25 00:00:00 -> 2021-07-25 23:55:00,159.00
206,2021-07-26 00:00:00 -> 2021-07-26 23:55:00,173.59
207,2021-07-27 00:00:00 -> 2021-07-27 23:55:00,164.41
208,2021-07-28 00:00:00 -> 2021-07-28 23:55:00,162.00
209,2021-07-29 00:00:00 -> 2021-07-29 23:55:00,158.59
210,2021-07-30 00:00:00 -> 2021-07-30 23:55:00,159.59
211,2021-07-31 00:00:00 -> 2021-07-31 23:55:00,165.41
212,2021-08-01 00:00:00 -> 2021-08-01 23:55:00,167.00
213,2021-08-02 00:00:00 -> 2021-08-02 23:55:00,158.00
214,2021-08-03 00:00:00 -> 2021-08-03 23:55:00,158.41
215,2021-08-04 00:00:00 -> 2021-08-04 23:55:00,159.00
216,2021-08-05 00:00:00 -> 2021-08-05 23:55:00,156.00
217,2021-08-06 00:00:00 -> 2021-08-06 23:55:00,159.00
218,2021-08-07 00:00:00 -> 2021-08-07 23:55:00,159.49
219,2021-08-08 00:00:00 -> 2021-08-08 23:55:00,161.00
220,2021-08-09 00:00:00 -> 2021-08-09 23:55:00,160.00
221,2021-08-10 00:00:00 -> 2021-08-10 23:55:00,165.48
222,2021-08-11 00:00:00 -> 2021-08-11 23:55:00,172.00
223,2021-08-12 00:00:00 -> 2021-08-12 23:55:00,174.00
224,2021-08-13 00:00:00 -> 2021-08-13 23:55:00,168.00
225,2021-08-14 00:00:00 -> 2021-08-14 23:55:00,169.00
226,2021-08-15 00:00:00 -> 2021-08-15 23:55:00,168.48
227,2021-08-16 00:00:00 -> 2021-08-16 23:55:00,165.47
228,2021-08-17 00:00:00 -> 2021-08-17 23:55:00,168.00
229,2021-08-18 00:00:00 -> 2021-08-18 23:55:00,164.00
230,2021-08-19 00:00:00 -> 2021-08-19 23:55:00,163.00
231,2021-08-20 00:00:00 -> 2021-08-20 23:55:00,165.53
232,2021-08-21 00:00:00 -> 2021-08-21 23:55:00,163.53
233,2021-08-22 00:00:00 -> 2021-08-22 23:55:00,167.00
234,2021-08-23 00:00:00 -> 2021-08-23 23:55:00,161.00
235,2021-08-24 00:00:00 -> 2021-08-24 23:55:00,158.00
236,2021-08-25 00:00:00 -> 2021-08-25 23:55:00,158.00
237,2021-08-26 00:00:00 -> 2021-08-26 23:55:00,160.00
238,2021-08-27 00:00:00 -> 2021-08-27 23:55:00,159.46
239,2021-08-28 00:00:00 -> 2021-08-28 23:55:00,156.00
240,2021-08-29 00:00:00 -> 2021-08-29 23:55:00,156.00
241,2021-08-30 00:00:00 -> 2021-08-30 23:55:00,157.69
242,2021-08-31 00:00:00 -> 2021-08-31 23:55:00,157.00
243,2021-09-01 00:00:00 -> 2021-09-01 23:55:00,157.31
244,2021-09-02 00:00:00 -> 2021-09-02 23:55:00,156.00
245,2021-09-03 00:00:00 -> 2021-09-03 23:55:00,156.69
246,2021-09-04 00:00:00 -> 2021-09-04 23:55:00,157.00
247,2021-09-05 00:00:00 -> 2021-09-05 23:55:00,160.31
248,2021-09-06 00:00:00 -> 2021-09-06 23:55:00,158.00
249,2021-09-07 00:00:00 -> 2021-09-07 23:55:00,156.69
250,2021-09-08 00:00:00 -> 2021-09-08 23:55:00,157.00
251,2021-09-09 00:00:00 -> 2021-09-09 23:55:00,157.00
252,2021-09-10 00:00:00 -> 2021-09-10 23:55:00,155.31
253,2021-09-11 00:00:00 -> 2021-09-11 23:55:00,159.00
254,2021-09-12 00:00:00 -> 2021-09-12 23:55:00,160.00
255,2021-09-13 00:00:00 -> 2021-09-13 23:55:00,159.32
256,2021-09-14 00:00:00 -> 2021-09-14 23:55:00,159.00
257,2021-09-15 00:00:00 -> 2021-09-15 23:55:00,158.68
258,2021-09-16 00:00:00 -> 2021-09-16 23:55:00,159.00
259,2021-09-17 00:00:00 -> 2021-09-17 23:55:00,158.68
260,2021-09-18 00:00:00 -> 2021-09-18 23:55:00,162.00
261,2021-09-19 00:00:00 -> 2021-09-19 23:55:00,162.00
262,2021-09-20 00:00:00 -> 2021-09-20 23:55:00,159.68
263,2021-09-21 00:00:00 -> 2021-09-21 23:55:00,159.32
264,2021-09-22 00:00:00 -> 2021-09-22 23:55:00,163.32
265,2021-09-23 00:00:00 -> 2021-09-23 23:55:00,159.33
266,2021-09-24 00:00:00 -> 2021-09-24 23:55:00,159.00
267,2021-09-25 00:00:00 -> 2021-09-25 23:55:00,160.00
268,2021-09-26 00:00:00 -> 2021-09-26 23:55:00,160.33
269,2021-09-27 00:00:00 -> 2021-09-27 23:55:00,159.00
270,2021-09-28 00:00:00 -> 2021-09-28 23:55:00,162.00
271,2021-09-29 00:00:00 -> 2021-09-29 23:55:00,159.00
272,2021-09-30 00:00:00 -> 2021-09-30 23:55:00,157.00
273,2021-10-01 00:00:00 -> 2021-10-01 23:55:00,158.34
274,2021-10-02 00:00:00 -> 2021-10-02 23:55:00,161.16
275,2021-10-03 00:00:00 -> 2021-10-03 23:55:00,160.00
276,2021-10-04 00:00:00 -> 2021-10-04 23:55:00,158.16
277,2021-10-05 00:00:00 -> 2021-10-05 23:55:00,161.00
278,2021-10-06 00:00:00 -> 2021-10-06 23:55:00,161.84
279,2021-10-07 00:00:00 -> 2021-10-07 23:55:00,161.00
280,2021-10-08 00:00:00 -> 2021-10-08 23:55:00,160.99
281,2021-10-09 00:00:00 -> 2021-10-09 23:55:00,159.17
282,2021-10-10 00:00:00 -> 2021-10-10 23:55:00,160.17
283,2021-10-11 00:00:00 -> 2021-10-11 23:55:00,162.00
284,2021-10-12 00:00:00 -> 2021-10-12 23:55:00,162.83
285,2021-10-13 00:00:00 -> 2021-10-13 23:55:00,161.00
286,2021-10-14 00:00:00 -> 2021-10-14 23:55:00,162.17
287,2021-10-15 00:00:00 -> 2021-10-15 23:55:00,163.00
288,2021-10-16 00:00:00 -> 2021-10-16 23:55:00,161.83
289,2021-10-17 00:00:00 -> 2021-10-17 23:55:00,161.00
290,2021-10-18 00:00:00 -> 2021-10-18 23:55:00,161.17
291,2021-10-19 00:00:00 -> 2021-10-19 23:55:00,161.17
292,2021-10-20 00:00:00 -> 2021-10-20 23:55:00,162.18
293,2021-10-21 00:00:00 -> 2021-10-21 23:55:00,161.19
294,2021-10-22 00:00:00 -> 2021-10-22 23:55:00,162.00
295,2021-10-23 00:00:00 -> 2021-10-23 23:55:00,161.81
296,2021-10-24 00:00:00 -> 2021-10-24 23:55:00,160.81
297,2021-10-25 00:00:00 -> 2021-10-25 23:55:00,162.00
298,2021-10-26 00:00:00 -> 2021-10-26 23:55:00,162.19
299,2021-10-27 00:00:00 -> 2021-10-27 23:55:00,161.98
300,2021-10-28 00:00:00 -> 2021-10-28 23:55:00,164.79
301,2021-10-29 00:00:00 -> 2021-10-29 23:55:00,164.00
302,2021-10-30 00:00:00 -> 2021-10-30 23:55:00,163.79
303,2021-10-31 00:00:00 -> 2021-10-31 23:55:00,169.79
304,2021-11-01 00:00:00 -> 2021-11-01 23:55:00,162.00
305,2021-11-02 00:00:00 -> 2021-11-02 23:55:00,162.99
306,2021-11-03 00:00:00 -> 2021-11-03 23:55:00,165.78
307,2021-11-04 00:00:00 -> 2021-11-04 23:55:00,165.78
308,2021-11-05 00:00:00 -> 2021-11-05 23:55:00,165.78
309,2021-11-06 00:00:00 -> 2021-11-06 23:55:00,165.78
310,2021-11-07 00:00:00 -> 2021-11-07 23:55:00,162.00
311,2021-11-08 00:00:00 -> 2021-11-08 23:55:00,162.00
312,2021-11-09 00:00:00 -> 2021-11-09 23:55:00,161.22
313,2021-11-10 00:00:00 -> 2021-11-10 23:55:00,162.00
314,2021-11-11 00:00:00 -> 2021-11-11 23:55:00,162.78
315,2021-11-12 00:00:00 -> 2021-11-12 23:55:00,163.00
316,2021-11-13 00:00:00 -> 2021-11-13 23:55:00,162.00
317,2021-11-14 00:00:00 -> 2021-11-14 23:55:00,163.00
318,2021-11-15 00:00:00 -> 2021-11-22 01:40:00,1149.99
319,2021-11-22 01:45:00 -> 2021-11-22 23:55:00,148.76
320,2021-11-23 00:00:00 -> 2021-11-23 23:55:00,161.00
321,2021-11-24 00:00:00 -> 2021-11-24 23:55:00,162.00
322,2021-11-25 00:00:00 -> 2021-11-25 23:55:00,161.61
323,2021-11-26 00:00:00 -> 2021-11-26 23:55:00,162.00
324,2021-11-27 00:00:00 -> 2021-11-27 23:55:00,162.00
325,2021-11-28 00:00:00 -> 2021-11-28 23:55:00,162.99
326,2021-11-29 00:00:00 -> 2021-11-29 23:55:00,165.00
327,2021-11-30 00:00:00 -> 2021-11-30 23:55:00,164.00
328,2021-12-01 00:00:00 -> 2021-12-01 23:55:00,163.00
329,2021-12-02 00:00:00 -> 2021-12-02 23:55:00,161.99
330,2021-12-03 00:00:00 -> 2021-12-03 23:55:00,162.55
331,2021-12-04 00:00:00 -> 2021-12-04 23:55:00,163.99
332,2021-12-05 00:00:00 -> 2021-12-05 23:55:00,162.00
333,2021-12-06 00:00:00 -> 2021-12-06 23:55:00,164.00
334,2021-12-07 00:00:00 -> 2021-12-07 23:55:00,164.27
335,2021-12-08 00:00:00 -> 2021-12-08 23:55:00,163.00
336,2021-12-09 00:00:00 -> 2021-12-09 23:55:00,162.46
337,2021-12-10 00:00:00 -> 2021-12-10 23:55:00,165.46
338,2021-12-11 00:00:00 -> 2021-12-11 23:55:00,163.00
339,2021-12-12 00:00:00 -> 2021-12-12 23:55:00,162.00
340,2021-12-13 00:00:00 -> 2021-12-13 23:55:00,162.46
341,2021-12-14 00:00:00 -> 2021-12-14 23:55:00,163.00
342,2021-12-15 00:00:00 -> 2021-12-15 23:55:00,163.00
343,2021-12-16 00:00:00 -> 2021-12-16 23:55:00,162.99
344,2021-12-17 00:00:00 -> 2021-12-17 23:55:00,162.48
345,2021-12-18 00:00:00 -> 2021-12-18 23:55:00,162.98
346,2021-12-19 00:00:00 -> 2021-12-19 23:55:00,163.00
347,2021-12-20 00:00:00 -> 2021-12-20 23:55:00,163.53
348,2021-12-21 00:00:00 -> 2021-12-21 23:55:00,163.53
349,2021-12-22 00:00:00 -> 2021-12-22 23:55:00,164.53
350,2021-12-23 00:00:00 -> 2021-12-23 23:55:00,163.54
351,2021-12-24 00:00:00 -> 2021-12-24 23:55:00,162.00
352,2021-12-25 00:00:00 -> 2021-12-25 23:55:00,162.00
353,2021-12-26 00:00:00 -> 2021-12-26 23:55:00,161.46
354,2021-12-27 00:00:00 -> 2021-12-27 23:55:00,162.00
355,2021-12-28 00:00:00 -> 2021-12-28 23:55:00,161.00
356,2021-12-29 00:00:00 -> 2021-12-29 23:55:00,161.00
357,2021-12-30 00:00:00 -> 2021-12-30 23:55:00,162.54
358,2021-12-31 00:00:00 -> 2021-12-31 23:55:00,162.00
359,2022-01-01 00:00:00 -> 2022-01-01 23:55:00,162.00
360,2022-01-02 00:00:00 -> 2022-01-02 23:55:00,162.00
361,2022-01-03 00:00:00 -> 2022-01-03 23:55:00,161.00
362,2022-01-04 00:00:00 -> 2022-01-04 23:55:00,161.56
363,2022-01-05 00:00:00 -> 2022-01-05 23:55:00,160.56
364,2022-01-06 00:00:00 -> 2022-01-06 23:55:00,162.00
365,2022-01-07 00:00:00 -> 2022-01-07 23:55:00,162.44
366,2022-01-08 00:00:00 -> 2022-01-08 23:55:00,162.44
367,2022-01-09 00:00:00 -> 2022-01-09 23:55:00,164.00
368,2022-01-10 00:00:00 -> 2022-01-10 23:55:00,162.57
369,2022-01-11 00:00:00 -> 2022-01-11 23:55:00,161.57
370,2022-01-12 00:00:00 -> 2022-01-12 23:55:00,162.57
371,2022-01-13 00:00:00 -> 2022-01-13 23:55:00,161.99
372,2022-01-14 00:00:00 -> 2022-01-14 23:55:00,162.00
373,2022-01-15 00:00:00 -> 2022-01-15 23:55:00,161.41
374,2022-01-16 00:00:00 -> 2022-01-16 23:55:00,160.41
375,2022-01-17 00:00:00 -> 2022-01-17 23:55:00,161.00
376,2022-01-18 00:00:00 -> 2022-01-18 23:55:00,161.41
377,2022-01-19 00:00:00 -> 2022-01-19 23:55:00,161.00
378,2022-01-20 00:00:00 -> 2022-01-20 23:55:00,162.41
379,2022-01-21 00:00:00 -> 2022-01-21 23:55:00,162.00
380,2022-01-22 00:00:00 -> 2022-01-22 23:55:00,162.59
381,2022-01-23 00:00:00 -> 2022-01-23 23:55:00,161.59
382,2022-01-24 00:00:00 -> 2022-01-24 23:55:00,161.60
383,2022-01-25 00:00:00 -> 2022-01-25 23:55:00,162.60
384,2022-01-26 00:00:00 -> 2022-01-26 23:55:00,162.00
385,2022-01-27 00:00:00 -> 2022-01-27 23:55:00,162.38
386,2022-01-28 00:00:00 -> 2022-01-28 23:55:00,162.38
387,2022-01-29 00:00:00 -> 2022-01-29 23:55:00,163.00
388,2022-01-30 00:00:00 -> 2022-01-30 23:55:00,162.00
389,2022-01-31 00:00:00 -> 2022-01-31 23:55:00,162.00
390,2022-02-01 00:00:00 -> 2022-02-01 23:55:00,162.63
391,2022-02-02 00:00:00 -> 2022-02-02 23:55:00,161.00
392,2022-02-03 00:00:00 -> 2022-02-03 23:55:00,162.69
393,2022-02-04 00:00:00 -> 2022-02-04 23:55:00,162.37
394,2022-02-05 00:00:00 -> 2022-02-05 23:55:00,160.36
395,2022-02-06 00:00:00 -> 2022-02-06 23:55:00,165.00
396,2022-02-07 00:00:00 -> 2022-02-07 23:55:00,164.00
397,2022-02-08 00:00:00 -> 2022-02-08 23:55:00,166.00
398,2022-02-09 00:00:00 -> 2022-02-09 23:55:00,165.64
399,2022-02-10 00:00:00 -> 2022-02-10 23:55:00,165.64
400,2022-02-11 00:00:00 -> 2022-02-11 23:55:00,166.00
401,2022-02-12 00:00:00 -> 2022-02-12 23:55:00,165.00
402,2022-02-13 00:00:00 -> 2022-02-13 23:55:00,164.64
403,2022-02-14 00:00:00 -> 2022-02-14 23:55:00,162.00
404,2022-02-15 00:00:00 -> 2022-02-15 23:55:00,161.35
405,2022-02-16 00:00:00 -> 2022-02-16 23:55:00,162.35
406,2022-02-17 00:00:00 -> 2022-02-17 23:55:00,160.00
407,2022-02-18 00:00:00 -> 2022-02-18 23:55:00,156.34
408,2022-02-19 00:00:00 -> 2022-02-19 23:55:00,158.00
409,2022-02-20 00:00:00 -> 2022-02-20 23:55:00,157.34
410,2022-02-21 00:00:00 -> 2022-02-21 23:55:00,157.34
411,2022-02-22 00:00:00 -> 2022-02-22 23:55:00,157.00
412,2022-02-23 00:00:00 -> 2022-02-23 23:55:00,157.00
413,2022-02-24 00:00:00 -> 2022-02-24 23:55:00,158.00
414,2022-02-25 00:00:00 -> 2022-02-25 23:55:00,158.00
415,2022-02-26 00:00:00 -> 2022-02-26 23:55:00,158.00
416,2022-02-27 00:00:00 -> 2022-02-27 23:55:00,158.66
417,2022-02-28 00:00:00 -> 2022-02-28 23:55:00,157.66
418,2022-03-01 00:00:00 -> 2022-03-01 23:55:00,158.99
419,2022-03-02 00:00:00 -> 2022-03-02 23:55:00,157.67
420,2022-03-03 00:00:00 -> 2022-03-03 23:55:00,158.00
421,2022-03-04 00:00:00 -> 2022-03-04 23:55:00,158.00
422,2022-03-05 00:00:00 -> 2022-03-05 23:55:00,158.00
423,2022-03-06 00:00:00 -> 2022-03-06 23:55:00,157.33
424,2022-03-07 00:00:00 -> 2022-03-07 23:55:00,158.00
425,2022-03-08 00:00:00 -> 2022-03-08 23:55:00,159.00
426,2022-03-09 00:00:00 -> 2022-03-09 23:55:00,158.00
427,2022-03-10 00:00:00 -> 2022-03-10 23:55:00,158.00
428,2022-03-11 00:00:00 -> 2022-03-11 23:55:00,158.32
429,2022-03-12 00:00:00 -> 2022-03-12 23:55:00,157.65
430,2022-03-13 00:00:00 -> 2022-03-13 23:55:00,157.99
431,2022-03-14 00:00:00 -> 2022-03-14 23:55:00,158.00
432,2022-03-15 00:00:00 -> 2022-03-15 23:55:00,158.71
433,2022-03-16 00:00:00 -> 2022-03-16 23:55:00,158.00
434,2022-03-17 00:00:00 -> 2022-03-17 23:55:00,155.99
435,2022-03-18 00:00:00 -> 2022-03-18 23:55:00,156.99
436,2022-03-19 00:00:00 -> 2022-03-19 23:55:00,157.00
437,2022-03-20 00:00:00 -> 2022-03-20 23:55:00,158.74
438,2022-03-21 00:00:00 -> 2022-03-21 23:55:00,157.74
439,2022-03-22 00:00:00 -> 2022-03-22 23:55:00,158.74
440,2022-03-23 00:00:00 -> 2022-03-23 23:55:00,158.00
441,2022-03-24 00:00:00 -> 2022-03-24 23:55:00,158.26
442,2022-03-25 00:00:00 -> 2022-03-25 23:55:00,159.26
443,2022-03-26 00:00:00 -> 2022-03-26 23:55:00,160.00
444,2022-03-27 00:00:00 -> 2022-03-27 23:55:00,152.74
445,2022-03-28 00:00:00 -> 2022-03-28 23:55:00,159.99
446,2022-03-29 00:00:00 -> 2022-03-29 23:55:00,160.00
447,2022-03-30 00:00:00 -> 2022-03-30 23:55:00,161.00
448,2022-03-31 00:00:00 -> 2022-03-31 23:55:00,161.00
449,2022-04-01 00:00:00 -> 2022-04-01 23:55:00,160.00
450,2022-04-02 00:00:00 -> 2022-04-02 23:55:00,162.00
451,2022-04-03 00:00:00 -> 2022-04-03 23:55:00,162.00
452,2022-04-04 00:00:00 -> 2022-04-04 23:55:00,161.24
453,2022-04-05 00:00:00 -> 2022-04-05 23:55:00,161.00
454,2022-04-06 00:00:00 -> 2022-04-06 23:55:00,161.76
455,2022-04-07 00:00:00 -> 2022-04-07 23:55:00,160.00
456,2022-04-08 00:00:00 -> 2022-04-08 23:55:00,160.76
457,2022-04-09 00:00:00 -> 2022-04-09 23:55:00,160.88
458,2022-04-10 00:00:00 -> 2022-04-10 23:55:00,161.00
459,2022-04-11 00:00:00 -> 2022-04-11 23:55:00,162.00
460,2022-04-12 00:00:00 -> 2022-04-12 23:55:00,162.76
461,2022-04-13 00:00:00 -> 2022-04-13 23:55:00,159.00
462,2022-04-14 00:00:00 -> 2022-04-14 23:55:00,158.23
463,2022-04-15 00:00:00 -> 2022-04-15 23:55:00,158.00
464,2022-04-16 00:00:00 -> 2022-04-16 23:55:00,158.23
465,2022-04-17 00:00:00 -> 2022-04-17 23:55:00,160.23
466,2022-04-18 00:00:00 -> 2022-04-18 23:55:00,159.23
467,2022-04-19 00:00:00 -> 2022-04-19 23:55:00,161.23
468,2022-04-20 00:00:00 -> 2022-04-20 23:55:00,160.00
469,2022-04-21 00:00:00 -> 2022-04-21 23:55:00,159.77
470,2022-04-22 00:00:00 -> 2022-04-22 23:55:00,160.00
471,2022-04-23 00:00:00 -> 2022-04-23 23:55:00,159.18
472,2022-04-24 00:00:00 -> 2022-04-24 23:55:00,160.00
473,2022-04-25 00:00:00 -> 2022-04-25 23:55:00,159.17
474,2022-04-26 00:00:00 -> 2022-04-26 23:55:00,159.16
475,2022-04-27 00:00:00 -> 2022-04-27 23:55:00,158.15
476,2022-04-28 00:00:00 -> 2022-04-28 23:55:00,158.00
477,2022-04-29 00:00:00 -> 2022-04-29 23:55:00,159.00
478,2022-04-30 00:00:00 -> 2022-04-30 23:55:00,159.99
479,2022-05-01 00:00:00 -> 2022-05-01 23:55:00,161.00
480,2022-05-02 00:00:00 -> 2022-05-02 23:55:00,160.00
481,2022-05-03 00:00:00 -> 2022-05-03 23:55:00,159.00
482,2022-05-04 00:00:00 -> 2022-05-04 23:55:00,160.00
483,2022-05-05 00:00:00 -> 2022-05-05 23:55:00,160.14
484,2022-05-06 00:00:00 -> 2022-05-06 23:55:00,159.13
485,2022-05-07 00:00:00 -> 2022-05-07 23:55:00,159.00
486,2022-05-08 00:00:00 -> 2022-05-08 23:55:00,158.00
487,2022-05-09 00:00:00 -> 2022-05-09 23:55:00,157.12
488,2022-05-10 00:00:00 -> 2022-05-10 23:55:00,158.88
489,2022-05-11 00:00:00 -> 2022-05-11 23:55:00,159.88
490,2022-05-12 00:00:00 -> 2022-05-12 23:55:00,157.88
491,2022-05-13 00:00:00 -> 2022-05-13 23:55:00,158.99
492,2022-05-14 00:00:00 -> 2022-05-14 23:55:00,159.00
493,2022-05-15 00:00:00 -> 2022-05-15 23:55:00,160.00
494,2022-05-16 00:00:00 -> 2022-05-16 23:55:00,158.00
495,2022-05-17 00:00:00 -> 2022-05-17 23:55:00,160.00
496,2022-05-18 00:00:00 -> 2022-05-18 23:55:00,161.00
497,2022-05-19 00:00:00 -> 2022-05-19 23:55:00,161.00
498,2022-05-20 00:00:00 -> 2022-05-20 23:55:00,161.06
499,2022-05-21 00:00:00 -> 2022-05-21 23:55:00,160.00
500,2022-05-22 00:00:00 -> 2022-05-22 23:55:00,160.97
501,2022-05-23 00:00:00 -> 2022-05-23 23:55:00,160.00
502,2022-05-24 00:00:00 -> 2022-05-24 23:55:00,160.07
503,2022-05-25 00:00:00 -> 2022-05-25 23:55:00,160.00
504,2022-05-26 00:00:00 -> 2022-05-26 23:55:00,157.00
505,2022-05-27 00:00:00 -> 2022-05-27 23:55:00,158.00
506,2022-05-28 00:00:00 -> 2022-05-28 23:55:00,161.00
507,2022-05-29 00:00:00 -> 2022-05-29 23:55:00,161.00
508,2022-05-30 00:00:00 -> 2022-05-30 23:55:00,162.00
509,2022-05-31 00:00:00 -> 2022-05-31 23:55:00,162.11
510,2022-06-01 00:00:00 -> 2022-06-01 23:55:00,161.00
511,2022-06-02 00:00:00 -> 2022-06-02 23:55:00,164.00
512,2022-06-03 00:00:00 -> 2022-06-03 23:55:00,166.00
513,2022-06-04 00:00:00 -> 2022-06-04 23:55:00,169.87
514,2022-06-05 00:00:00 -> 2022-06-05 23:55:00,163.99
515,2022-06-06 00:00:00 -> 2022-06-06 23:55:00,164.86
516,2022-06-07 00:00:00 -> 2022-06-07 23:55:00,162.98
517,2022-06-08 00:00:00 -> 2022-06-08 23:55:00,162.00
518,2022-06-09 00:00:00 -> 2022-06-09 23:55:00,162.16
519,2022-06-10 00:00:00 -> 2022-06-10 23:55:00,162.00
520,2022-06-11 00:00:00 -> 2022-06-11 23:55:00,165.00
521,2022-06-12 00:00:00 -> 2022-06-12 23:55:00,167.16
522,2022-06-13 00:00:00 -> 2022-06-13 23:55:00,163.00
523,2022-06-14 00:00:00 -> 2022-06-14 23:55:00,162.84
524,2022-06-15 00:00:00 -> 2022-06-15 23:55:00,164.16
525,2022-06-16 00:00:00 -> 2022-06-16 23:55:00,163.17
526,2022-06-17 00:00:00 -> 2022-06-17 23:55:00,163.17
527,2022-06-18 00:00:00 -> 2022-06-18 23:55:00,165.88
528,2022-06-19 00:00:00 -> 2022-06-19 23:55:00,165.00
529,2022-06-20 00:00:00 -> 2022-06-20 23:55:00,164.00
530,2022-06-21 00:00:00 -> 2022-06-21 23:55:00,164.99
531,2022-06-22 00:00:00 -> 2022-06-22 23:55:00,164.37
532,2022-06-23 00:00:00 -> 2022-06-23 23:55:00,162.00
533,2022-06-24 00:00:00 -> 2022-06-24 23:55:00,163.98
534,2022-06-25 00:00:00 -> 2022-06-25 23:55:00,165.35
535,2022-06-26 00:00:00 -> 2022-06-26 23:55:00,169.34
536,2022-06-27 00:00:00 -> 2022-06-27 23:55:00,173.34
537,2022-06-28 00:00:00 -> 2022-06-28 23:55:00,168.34
538,2022-06-29 00:00:00 -> 2022-06-29 23:55:00,167.34
539,2022-06-30 00:00:00 -> 2022-06-30 23:55:00,169.34
540,2022-07-01 00:00:00 -> 2022-07-01 23:55:00,166.34
541,2022-07-02 00:00:00 -> 2022-07-02 23:55:00,170.66
542,2022-07-03 00:00:00 -> 2022-07-03 23:55:00,174.66
543,2022-07-04 00:00:00 -> 2022-07-04 23:55:00,180.66
544,2022-07-05 00:00:00 -> 2022-07-05 23:55:00,177.00
545,2022-07-06 00:00:00 -> 2022-07-06 23:55:00,170.33
546,2022-07-07 00:00:00 -> 2022-07-07 23:55:00,172.00
547,2022-07-08 00:00:00 -> 2022-07-08 23:55:00,170.00
548,2022-07-09 00:00:00 -> 2022-07-09 23:55:00,171.32
549,2022-07-10 00:00:00 -> 2022-07-10 23:55:00,170.31
550,2022-07-11 00:00:00 -> 2022-07-11 23:55:00,171.00
551,2022-07-12 00:00:00 -> 2022-07-12 23:55:00,170.99
552,2022-07-13 00:00:00 -> 2022-07-13 23:55:00,169.00
553,2022-07-14 00:00:00 -> 2022-07-14 23:55:00,169.98
554,2022-07-15 00:00:00 -> 2022-07-15 23:55:00,171.00
555,2022-07-16 00:00:00 -> 2022-07-16 23:55:00,172.00
556,2022-07-17 00:00:00 -> 2022-07-17 23:55:00,179.00
557,2022-07-18 00:00:00 -> 2022-07-18 23:55:00,174.79
558,2022-07-19 00:00:00 -> 2022-07-19 23:55:00,171.99
559,2022-07-20 00:00:00 -> 2022-07-20 23:55:00,170.19
560,2022-07-21 00:00:00 -> 2022-07-21 23:55:00,171.18
561,2022-07-22 00:00:00 -> 2022-07-22 23:55:00,175.17
562,2022-07-23 00:00:00 -> 2022-07-23 23:55:00,176.17
563,2022-07-24 00:00:00 -> 2022-07-24 23:55:00,172.83
564,2022-07-25 00:00:00 -> 2022-07-25 23:55:00,186.00
565,2022-07-26 00:00:00 -> 2022-07-26 23:55:00,186.15
566,2022-07-27 00:00:00 -> 2022-07-27 23:55:00,184.07
567,2022-07-28 00:00:00 -> 2022-07-28 23:55:00,181.14
568,2022-07-29 00:00:00 -> 2022-07-29 23:55:00,173.86
569,2022-07-30 00:00:00 -> 2022-07-30 23:55:00,172.86
570,2022-07-31 00:00:00 -> 2022-07-31 23:55:00,176.00
571,2022-08-01 00:00:00 -> 2022-08-01 23:55:00,176.00
572,2022-08-02 00:00:00 -> 2022-08-02 23:55:00,178.00
573,2022-08-03 00:00:00 -> 2022-08-03 23:55:00,177.87
574,2022-08-04 00:00:00 -> 2022-08-04 23:55:00,174.00
575,2022-08-05 00:00:00 -> 2022-08-05 23:55:00,169.00
576,2022-08-06 00:00:00 -> 2022-08-06 23:55:00,172.88
577,2022-08-07 00:00:00 -> 2022-08-07 23:55:00,173.00
578,2022-08-08 00:00:00 -> 2022-08-08 23:55:00,173.12
579,2022-08-09 00:00:00 -> 2022-08-09 23:55:00,170.12
580,2022-08-10 00:00:00 -> 2022-08-10 23:55:00,166.00
581,2022-08-11 00:00:00 -> 2022-08-11 23:55:00,167.10
582,2022-08-12 00:00:00 -> 2022-08-12 23:55:00,165.10
583,2022-08-13 00:00:00 -> 2022-08-13 23:55:00,162.10
584,2022-08-14 00:00:00 -> 2022-08-14 23:55:00,167.00
585,2022-08-15 00:00:00 -> 2022-08-15 23:55:00,168.00
586,2022-08-16 00:00:00 -> 2022-08-16 23:55:00,170.00
587,2022-08-17 00:00:00 -> 2022-08-17 23:55:00,175.00
588,2022-08-18 00:00:00 -> 2022-08-18 23:55:00,177.00
589,2022-08-19 00:00:00 -> 2022-08-19 23:55:00,171.07
590,2022-08-20 00:00:00 -> 2022-08-20 23:55:00,169.07
591,2022-08-21 00:00:00 -> 2022-08-21 23:55:00,172.00
592,2022-08-22 00:00:00 -> 2022-08-22 23:55:00,166.93
593,2022-08-23 00:00:00 -> 2022-08-23 23:55:00,167.99
594,2022-08-24 00:00:00 -> 2022-08-24 23:55:00,166.00
595,2022-08-25 00:00:00 -> 2022-08-25 23:55:00,166.00
596,2022-08-26 00:00:00 -> 2022-08-26 23:55:00,167.00
597,2022-08-27 00:00:00 -> 2022-08-27 23:55:00,167.00
598,2022-08-28 00:00:00 -> 2022-08-28 23:55:00,165.99
599,2022-08-29 00:00:00 -> 2022-08-29 23:55:00,164.00
600,2022-08-30 00:00:00 -> 2022-08-30 23:55:00,165.95
601,2022-08-31 00:00:00 -> 2022-08-31 23:55:00,163.96
602,2022-09-01 00:00:00 -> 2022-09-01 23:55:00,161.96
603,2022-09-02 00:00:00 -> 2022-09-02 23:55:00,161.96
604,2022-09-03 00:00:00 -> 2022-09-03 23:55:00,161.00
605,2022-09-04 00:00:00 -> 2022-09-04 23:55:00,163.04
606,2022-09-05 00:00:00 -> 2022-09-05 23:55:00,164.00
607,2022-09-06 00:00:00 -> 2022-09-06 23:55:00,163.96
608,2022-09-07 00:00:00 -> 2022-09-07 23:55:00,163.96
609,2022-09-08 00:00:00 -> 2022-09-08 23:55:00,165.96
610,2022-09-09 00:00:00 -> 2022-09-09 23:55:00,167.96
611,2022-09-10 00:00:00 -> 2022-09-10 23:55:00,162.00
612,2022-09-11 00:00:00 -> 2022-09-11 23:55:00,162.00
613,2022-09-12 00:00:00 -> 2022-09-12 23:55:00,162.00
614,2022-09-13 00:00:00 -> 2022-09-13 23:55:00,162.00
615,2022-09-14 00:00:00 -> 2022-09-14 23:55:00,161.04
616,2022-09-15 00:00:00 -> 2022-09-15 23:55:00,161.03
617,2022-09-16 00:00:00 -> 2022-09-16 23:55:00,162.02
618,2022-09-17 00:00:00 -> 2022-09-17 23:55:00,160.02
619,2022-09-18 00:00:00 -> 2022-09-18 23:55:00,160.02
620,2022-09-19 00:00:00 -> 2022-09-19 23:55:00,159.02
621,2022-09-20 00:00:00 -> 2022-09-20 23:55:00,159.00
622,2022-09-21 00:00:00 -> 2022-09-21 23:55:00,159.00
623,2022-09-22 00:00:00 -> 2022-09-22 23:55:00,159.00
624,2022-09-23 00:00:00 -> 2022-09-23 23:55:00,158.99
625,2022-09-24 00:00:00 -> 2022-09-24 23:55:00,160.01
626,2022-09-25 00:00:00 -> 2022-09-25 23:55:00,160.99
627,2022-09-26 00:00:00 -> 2022-09-26 23:55:00,163.00
628,2022-09-27 00:00:00 -> 2022-09-27 23:55:00,159.05
629,2022-09-28 00:00:00 -> 2022-09-28 23:55:00,161.00
630,2022-09-29 00:00:00 -> 2022-09-29 23:55:00,160.94
631,2022-09-30 00:00:00 -> 2022-09-30 23:55:00,160.00
632,2022-10-01 00:00:00 -> 2022-10-01 23:55:00,160.00
633,2022-10-02 00:00:00 -> 2022-10-02 23:55:00,161.00
634,2022-10-03 00:00:00 -> 2022-10-03 23:55:00,159.00
635,2022-10-04 00:00:00 -> 2022-10-04 23:55:00,159.00
636,2022-10-05 00:00:00 -> 2022-10-05 23:55:00,159.92
637,2022-10-06 00:00:00 -> 2022-10-06 23:55:00,158.92
638,2022-10-07 00:00:00 -> 2022-10-07 23:55:00,158.00
639,2022-10-08 00:00:00 -> 2022-10-08 23:55:00,158.00
640,2022-10-09 00:00:00 -> 2022-10-09 23:55:00,157.00
641,2022-10-10 00:00:00 -> 2022-10-10 23:55:00,157.00
642,2022-10-11 00:00:00 -> 2022-10-11 23:55:00,157.92
643,2022-10-12 00:00:00 -> 2022-10-12 23:55:00,158.00
644,2022-10-13 00:00:00 -> 2022-10-13 23:55:00,159.99
645,2022-10-14 00:00:00 -> 2022-10-14 23:55:00,157.00
646,2022-10-15 00:00:00 -> 2022-10-15 23:55:00,157.99
647,2022-10-16 00:00:00 -> 2022-10-16 23:55:00,159.00
648,2022-10-17 00:00:00 -> 2022-10-17 23:55:00,158.11
649,2022-10-18 00:00:00 -> 2022-10-18 23:55:00,159.12
650,2022-10-19 00:00:00 -> 2022-10-19 23:55:00,157.99
651,2022-10-20 00:00:00 -> 2022-10-20 23:55:00,155.87
652,2022-10-21 00:00:00 -> 2022-10-21 23:55:00,156.87
653,2022-10-22 00:00:00 -> 2022-10-22 23:55:00,156.00
654,2022-10-23 00:00:00 -> 2022-10-23 23:55:00,155.56
655,2022-10-24 00:00:00 -> 2022-10-24 23:55:00,157.00
656,2022-10-25 00:00:00 -> 2022-10-25 23:55:00,156.00
657,2022-10-26 00:00:00 -> 2022-10-26 23:55:00,156.14
658,2022-10-27 00:00:00 -> 2022-10-27 23:55:00,157.00
659,2022-10-28 00:00:00 -> 2022-10-28 23:55:00,158.00
660,2022-10-29 00:00:00 -> 2022-10-29 23:55:00,156.99
661,2022-10-30 00:00:00 -> 2022-10-30 23:55:00,163.84
662,2022-10-31 00:00:00 -> 2022-10-31 23:55:00,157.00
663,2022-11-01 00:00:00 -> 2022-11-01 23:55:00,156.16
664,2022-11-02 00:00:00 -> 2022-11-02 23:55:00,156.16
665,2022-11-03 00:00:00 -> 2022-11-03 23:55:00,158.00
666,2022-11-04 00:00:00 -> 2022-11-04 23:55:00,158.17
667,2022-11-05 00:00:00 -> 2022-11-05 23:55:00,156.17
668,2022-11-06 00:00:00 -> 2022-11-06 23:55:00,156.17
669,2022-11-07 00:00:00 -> 2022-11-07 23:55:00,154.17
670,2022-11-08 00:00:00 -> 2022-11-08 23:55:00,153.17
671,2022-11-09 00:00:00 -> 2022-11-09 23:55:00,153.99
672,2022-11-10 00:00:00 -> 2022-11-10 23:55:00,153.00
673,2022-11-11 00:00:00 -> 2022-11-11 23:55:00,151.18
674,2022-11-12 00:00:00 -> 2022-11-12 23:55:00,154.18
675,2022-11-13 00:00:00 -> 2022-11-13 23:55:00,154.00
676,2022-11-14 00:00:00 -> 2022-11-14 23:55:00,154.00
677,2022-11-15 00:00:00 -> 2022-11-15 23:55:00,153.18
678,2022-11-16 00:00:00 -> 2022-11-16 23:55:00,154.00
679,2022-11-17 00:00:00 -> 2022-11-17 23:55:00,155.00
680,2022-11-18 00:00:00 -> 2022-11-18 23:55:00,155.00
681,2022-11-19 00:00:00 -> 2022-11-19 23:55:00,154.00
682,2022-11-20 00:00:00 -> 2022-11-20 23:55:00,155.00
683,2022-11-21 00:00:00 -> 2022-11-21 23:55:00,156.00
684,2022-11-22 00:00:00 -> 2022-11-22 23:55:00,155.19
685,2022-11-23 00:00:00 -> 2022-11-23 23:55:00,157.00
686,2022-11-24 00:00:00 -> 2022-11-24 23:55:00,156.00
687,2022-11-25 00:00:00 -> 2022-11-25 23:55:00,155.99
688,2022-11-26 00:00:00 -> 2022-11-26 23:55:00,155.00
689,2022-11-27 00:00:00 -> 2022-11-27 23:55:00,156.00
690,2022-11-28 00:00:00 -> 2022-11-28 23:55:00,157.21
691,2022-11-29 00:00:00 -> 2022-11-29 23:55:00,156.95
692,2022-11-30 00:00:00 -> 2022-11-30 23:55:00,157.74
693,2022-12-01 00:00:00 -> 2022-12-01 23:55:00,157.74
694,2022-12-02 00:00:00 -> 2022-12-02 23:55:00,157.74
695,2022-12-03 00:00:00 -> 2022-12-03 23:55:00,155.00
696,2022-12-04 00:00:00 -> 2022-12-04 23:55:00,155.96
697,2022-12-05 00:00:00 -> 2022-12-05 23:55:00,155.68
698,2022-12-06 00:00:00 -> 2022-12-06 23:55:00,155.68
699,2022-12-07 00:00:00 -> 2022-12-07 23:55:00,156.00
700,2022-12-08 00:00:00 -> 2022-12-08 23:55:00,155.68
701,2022-12-09 00:00:00 -> 2022-12-09 23:55:00,154.66
702,2022-12-10 00:00:00 -> 2022-12-10 23:55:00,154.00
703,2022-12-11 00:00:00 -> 2022-12-11 23:55:00,155.34
704,2022-12-12 00:00:00 -> 2022-12-12 23:55:00,157.35
705,2022-12-13 00:00:00 -> 2022-12-13 23:55:00,154.37
706,2022-12-14 00:00:00 -> 2022-12-14 23:55:00,153.99
707,2022-12-15 00:00:00 -> 2022-12-15 23:55:00,153.99
708,2022-12-16 00:00:00 -> 2022-12-16 23:55:00,155.00
709,2022-12-17 00:00:00 -> 2022-12-17 23:55:00,156.94
710,2022-12-18 00:00:00 -> 2022-12-18 23:55:00,158.50
711,2022-12-19 00:00:00 -> 2022-12-19 23:55:00,159.49
712,2022-12-20 00:00:00 -> 2022-12-20 23:55:00,158.00
713,2022-12-21 00:00:00 -> 2022-12-21 23:55:00,158.26
714,2022-12-22 00:00:00 -> 2022-12-22 23:55:00,155.99
715,2022-12-23 00:00:00 -> 2022-12-23 23:55:00,154.00
716,2022-12-24 00:00:00 -> 2022-12-24 23:55:00,153.99
717,2022-12-25 00:00:00 -> 2022-12-25 23:55:00,154.00
718,2022-12-26 00:00:00 -> 2022-12-26 23:55:00,154.00
719,2022-12-27 00:00:00 -> 2022-12-27 23:55:00,154.44
720,2022-12-28 00:00:00 -> 2022-12-28 23:55:00,154.56
721,2022-12-29 00:00:00 -> 2022-12-29 23:55:00,154.56
722,2022-12-30 00:00:00 -> 2022-12-30 23:55:00,153.57
723,2022-12-31 00:00:00 -> 2022-12-31 23:55:00,154.00
724,2023-01-01 00:00:00 -> 2023-01-01 23:55:00,154.00
725,2023-01-02 00:00:00 -> 2023-01-02 23:55:00,153.99
726,2023-01-03 00:00:00 -> 2023-01-03 23:55:00,154.00
727,2023-01-04 00:00:00 -> 2023-01-04 23:55:00,154.40
728,2023-01-05 00:00:00 -> 2023-01-05 23:55:00,154.39
729,2023-01-06 00:00:00 -> 2023-01-06 23:55:00,153.39
730,2023-01-07 00:00:00 -> 2023-01-07 23:55:00,153.00
731,2023-01-08 00:00:00 -> 2023-01-08 23:55:00,152.99
732,2023-01-09 00:00:00 -> 2023-01-09 23:55:00,153.00
733,2023-01-10 00:00:00 -> 2023-01-10 23:55:00,155.00
734,2023-01-11 00:00:00 -> 2023-01-11 23:55:00,155.00
735,2023-01-12 00:00:00 -> 2023-01-12 23:55:00,154.64
736,2023-01-13 00:00:00 -> 2023-01-13 23:55:00,154.00
737,2023-01-14 00:00:00 -> 2023-01-14 23:55:00,153.66
738,2023-01-15 00:00:00 -> 2023-01-15 23:55:00,153.99
739,2023-01-16 00:00:00 -> 2023-01-16 23:55:00,152.00
740,2023-01-17 00:00:00 -> 2023-01-17 23:55:00,153.00
741,2023-01-18 00:00:00 -> 2023-01-18 23:55:00,152.31
742,2023-01-19 00:00:00 -> 2023-01-19 23:55:00,154.00
743,2023-01-20 00:00:00 -> 2023-01-20 23:55:00,155.69
744,2023-01-21 00:00:00 -> 2023-01-21 23:55:00,155.69
745,2023-01-22 00:00:00 -> 2023-01-22 23:55:00,154.00
746,2023-01-23 00:00:00 -> 2023-01-23 23:55:00,156.34
747,2023-01-24 00:00:00 -> 2023-01-24 23:55:00,153.64
748,2023-01-25 00:00:00 -> 2023-01-25 23:55:00,153.00
749,2023-01-26 00:00:00 -> 2023-01-26 23:55:00,152.98
750,2023-01-27 00:00:00 -> 2023-01-27 23:55:00,154.99
751,2023-01-28 00:00:00 -> 2023-01-28 23:55:00,156.24
752,2023-01-29 00:00:00 -> 2023-01-29 23:55:00,153.76
753,2023-01-30 00:00:00 -> 2023-01-30 23:55:00,155.00
754,2023-01-31 00:00:00 -> 2023-01-31 23:55:00,156.22
755,2023-02-01 00:00:00 -> 2023-02-01 23:55:00,154.22
756,2023-02-02 00:00:00 -> 2023-02-02 23:55:00,154.21
757,2023-02-03 00:00:00 -> 2023-02-03 23:55:00,154.79
758,2023-02-04 00:00:00 -> 2023-02-04 23:55:00,154.99
759,2023-02-05 00:00:00 -> 2023-02-05 23:55:00,155.00
760,2023-02-06 00:00:00 -> 2023-02-06 23:55:00,156.00
761,2023-02-07 00:00:00 -> 2023-02-07 23:55:00,155.19
762,2023-02-08 00:00:00 -> 2023-02-08 23:55:00,155.18
763,2023-02-09 00:00:00 -> 2023-02-09 23:55:00,156.00
764,2023-02-10 00:00:00 -> 2023-02-10 23:55:00,156.00
765,2023-02-11 00:00:00 -> 2023-02-11 23:55:00,155.98
766,2023-02-12 00:00:00 -> 2023-02-12 23:55:00,157.00
767,2023-02-13 00:00:00 -> 2023-02-13 23:55:00,157.91
768,2023-02-14 00:00:00 -> 2023-02-14 23:55:00,156.06
769,2023-02-15 00:00:00 -> 2023-02-15 23:55:00,152.94
770,2023-02-16 00:00:00 -> 2023-02-16 23:55:00,152.95
771,2023-02-17 00:00:00 -> 2023-02-17 23:55:00,152.96
772,2023-02-18 00:00:00 -> 2023-02-18 23:55:00,152.00
773,2023-02-19 00:00:00 -> 2023-02-19 23:55:00,150.99
774,2023-02-20 00:00:00 -> 2023-02-20 23:55:00,152.00
775,2023-02-21 00:00:00 -> 2023-02-21 23:55:00,152.00
776,2023-02-22 00:00:00 -> 2023-02-22 23:55:00,151.01
777,2023-02-23 00:00:00 -> 2023-02-23 23:55:00,152.00
778,2023-02-24 00:00:00 -> 2023-02-24 23:55:00,153.00
779,2023-02-25 00:00:00 -> 2023-02-25 23:55:00,151.00
780,2023-02-26 00:00:00 -> 2023-02-26 23:55:00,152.99
781,2023-02-27 00:00:00 -> 2023-02-27 23:55:00,151.99
782,2023-02-28 00:00:00 -> 2023-02-28 23:55:00,153.00
783,2023-03-01 00:00:00 -> 2023-03-01 23:55:00,154.99
784,2023-03-02 00:00:00 -> 2023-03-02 23:55:00,154.99
785,2023-03-03 00:00:00 -> 2023-03-03 23:55:00,152.99
786,2023-03-04 00:00:00 -> 2023-03-04 23:55:00,153.00
787,2023-03-05 00:00:00 -> 2023-03-05 23:55:00,153.01
788,2023-03-06 00:00:00 -> 2023-03-06 23:55:00,153.01
789,2023-03-07 00:00:00 -> 2023-03-07 23:55:00,156.00
790,2023-03-08 00:00:00 -> 2023-03-08 23:55:00,153.00
791,2023-03-09 00:00:00 -> 2023-03-09 23:55:00,147.00
792,2023-03-10 00:00:00 -> 2023-03-10 23:55:00,146.97
793,2023-03-11 00:00:00 -> 2023-03-11 23:55:00,145.97
794,2023-03-12 00:00:00 -> 2023-03-12 23:55:00,144.00
795,2023-03-13 00:00:00 -> 2023-03-13 23:55:00,145.00
796,2023-03-14 00:00:00 -> 2023-03-14 23:55:00,146.03
797,2023-03-15 00:00:00 -> 2023-03-15 23:55:00,145.05
798,2023-03-16 00:00:00 -> 2023-03-16 23:55:00,144.99
799,2023-03-17 00:00:00 -> 2023-03-17 23:55:00,146.94
800,2023-03-18 00:00:00 -> 2023-03-18 23:55:00,146.94
801,2023-03-19 00:00:00 -> 2023-03-19 23:55:00,145.94
802,2023-03-20 00:00:00 -> 2023-03-20 23:55:00,145.00
803,2023-03-21 00:00:00 -> 2023-03-21 23:55:00,143.99
804,2023-03-22 00:00:00 -> 2023-03-22 23:55:00,145.91
805,2023-03-23 00:00:00 -> 2023-03-23 23:55:00,144.00
806,2023-03-24 00:00:00 -> 2023-03-24 23:55:00,145.09
807,2023-03-25 00:00:00 -> 2023-03-25 23:55:00,144.09
808,2023-03-26 00:00:00 -> 2023-03-26 23:55:00,139.00
809,2023-03-27 00:00:00 -> 2023-03-27 23:55:00,144.09
810,2023-03-28 00:00:00 -> 2023-03-28 23:55:00,145.09
811,2023-03-29 00:00:00 -> 2023-03-29 23:55:00,146.00
812,2023-03-30 00:00:00 -> 2023-03-30 23:55:00,145.00
813,2023-03-31 00:00:00 -> 2023-03-31 23:55:00,145.10
814,2023-04-01 00:00:00 -> 2023-04-01 23:55:00,146.00
815,2023-04-02 00:00:00 -> 2023-04-02 23:55:00,146.00
816,2023-04-03 00:00:00 -> 2023-04-03 23:55:00,145.10
817,2023-04-04 00:00:00 -> 2023-04-04 23:55:00,147.97
818,2023-04-05 00:00:00 -> 2023-04-05 23:55:00,152.00
819,2023-04-06 00:00:00 -> 2023-04-06 23:55:00,149.57
820,2023-04-07 00:00:00 -> 2023-04-07 23:55:00,147.92
821,2023-04-08 00:00:00 -> 2023-04-08 23:55:00,148.00
822,2023-04-09 00:00:00 -> 2023-04-09 23:55:00,147.14
823,2023-04-10 00:00:00 -> 2023-04-10 23:55:00,146.99
824,2023-04-11 00:00:00 -> 2023-04-11 23:55:00,149.84
825,2023-04-12 00:00:00 -> 2023-04-12 23:55:00,150.00
826,2023-04-13 00:00:00 -> 2023-04-13 23:55:00,153.00
827,2023-04-14 00:00:00 -> 2023-04-14 23:55:00,154.00
828,2023-04-15 00:00:00 -> 2023-04-15 23:55:00,154.16
829,2023-04-16 00:00:00 -> 2023-04-16 23:55:00,153.00
830,2023-04-17 00:00:00 -> 2023-04-17 23:55:00,150.00
831,2023-04-18 00:00:00 -> 2023-04-18 23:55:00,147.17
832,2023-04-19 00:00:00 -> 2023-04-19 23:55:00,146.17
833,2023-04-20 00:00:00 -> 2023-04-20 23:55:00,147.00
834,2023-04-21 00:00:00 -> 2023-04-21 23:55:00,144.00
835,2023-04-22 00:00:00 -> 2023-04-22 23:55:00,144.18
836,2023-04-23 00:00:00 -> 2023-04-23 23:55:00,145.00
837,2023-04-24 00:00:00 -> 2023-04-24 23:55:00,146.81
838,2023-04-25 00:00:00 -> 2023-04-25 23:55:00,145.19
839,2023-04-26 00:00:00 -> 2023-04-26 23:55:00,146.00
840,2023-04-27 00:00:00 -> 2023-04-27 23:55:00,146.00
841,2023-04-28 00:00:00 -> 2023-04-28 23:55:00,147.00
842,2023-04-29 00:00:00 -> 2023-04-29 23:55:00,147.81
843,2023-04-30 00:00:00 -> 2023-04-30 23:55:00,147.00
844,2023-05-01 00:00:00 -> 2023-05-01 23:55:00,147.99
845,2023-05-02 00:00:00 -> 2023-05-02 23:55:00,147.00
846,2023-05-03 00:00:00 -> 2023-05-03 23:55:00,146.21
847,2023-05-04 00:00:00 -> 2023-05-04 23:55:00,145.21
848,2023-05-05 00:00:00 -> 2023-05-05 23:55:00,145.21
849,2023-05-06 00:00:00 -> 2023-05-06 23:55:00,145.21
850,2023-05-07 00:00:00 -> 2023-05-07 23:55:00,147.00
851,2023-05-08 00:00:00 -> 2023-05-08 23:55:00,150.00
852,2023-05-09 00:00:00 -> 2023-05-09 23:55:00,146.00
853,2023-05-10 00:00:00 -> 2023-05-10 23:55:00,149.00
854,2023-05-11 00:00:00 -> 2023-05-11 23:55:00,148.00
855,2023-05-12 00:00:00 -> 2023-05-12 23:55:00,148.00
856,2023-05-13 00:00:00 -> 2023-05-13 23:55:00,149.00
857,2023-05-14 00:00:00 -> 2023-05-14 23:55:00,149.00
858,2023-05-15 00:00:00 -> 2023-05-15 23:55:00,147.98
859,2023-05-16 00:00:00 -> 2023-05-16 23:55:00,148.00
860,2023-05-17 00:00:00 -> 2023-05-17 23:55:00,147.26
861,2023-05-18 00:00:00 -> 2023-05-18 23:55:00,146.63
862,2023-05-19 00:00:00 -> 2023-05-19 23:55:00,146.85
863,2023-05-20 00:00:00 -> 2023-05-20 23:55:00,146.71
864,2023-05-21 00:00:00 -> 2023-05-21 23:55:00,146.00
865,2023-05-22 00:00:00 -> 2023-05-22 23:55:00,144.99
866,2023-05-23 00:00:00 -> 2023-05-23 23:55:00,145.00
867,2023-05-24 00:00:00 -> 2023-05-24 23:55:00,144.00
868,2023-05-25 00:00:00 -> 2023-05-25 23:55:00,146.00
869,2023-05-26 00:00:00 -> 2023-05-26 23:55:00,144.69
870,2023-05-27 00:00:00 -> 2023-05-27 23:55:00,145.00
871,2023-05-28 00:00:00 -> 2023-05-28 23:55:00,145.69
872,2023-05-29 00:00:00 -> 2023-05-29 23:55:00,146.69
873,2023-05-30 00:00:00 -> 2023-05-30 23:55:00,146.69
874,2023-05-31 00:00:00 -> 2023-05-31 23:55:00,146.00
875,2023-06-01 00:00:00 -> 2023-06-01 23:55:00,146.99
876,2023-06-02 00:00:00 -> 2023-06-02 23:55:00,145.32
877,2023-06-03 00:00:00 -> 2023-06-03 23:55:00,145.32
878,2023-06-04 00:00:00 -> 2023-06-04 23:55:00,146.34
879,2023-06-05 00:00:00 -> 2023-06-05 23:55:00,145.34
880,2023-06-06 00:00:00 -> 2023-06-06 23:55:00,145.34
881,2023-06-07 00:00:00 -> 2023-06-07 23:55:00,146.34
882,2023-06-08 00:00:00 -> 2023-06-08 23:55:00,146.00
883,2023-06-09 00:00:00 -> 2023-06-09 23:55:00,147.00
884,2023-06-10 00:00:00 -> 2023-06-10 23:55:00,146.98
885,2023-06-11 00:00:00 -> 2023-06-11 23:55:00,147.63
886,2023-06-12 00:00:00 -> 2023-06-12 23:55:00,146.63
887,2023-06-13 00:00:00 -> 2023-06-13 23:55:00,150.00
888,2023-06-14 00:00:00 -> 2023-06-14 23:55:00,147.37
889,2023-06-15 00:00:00 -> 2023-06-15 23:55:00,145.40
890,2023-06-16 00:00:00 -> 2023-06-16 23:55:00,149.40
891,2023-06-17 00:00:00 -> 2023-06-17 23:55:00,150.00
892,2023-06-18 00:00:00 -> 2023-06-18 23:55:00,151.57
893,2023-06-19 00:00:00 -> 2023-06-19 23:55:00,151.54
894,2023-06-20 00:00:00 -> 2023-06-20 23:55:00,152.00
895,2023-06-21 00:00:00 -> 2023-06-21 23:55:00,153.00
896,2023-06-22 00:00:00 -> 2023-06-22 23:55:00,154.47
897,2023-06-23 00:00:00 -> 2023-06-23 23:55:00,150.97
898,2023-06-24 00:00:00 -> 2023-06-24 23:55:00,152.00
899,2023-06-25 00:00:00 -> 2023-06-25 23:55:00,154.99
900,2023-06-26 00:00:00 -> 2023-06-26 23:55:00,152.48
901,2023-06-27 00:00:00 -> 2023-06-27 23:55:00,152.48
902,2023-06-28 00:00:00 -> 2023-06-28 23:55:00,152.00
903,2023-06-29 00:00:00 -> 2023-06-29 23:55:00,150.54
904,2023-06-30 00:00:00 -> 2023-06-30 23:55:00,153.00
905,2023-07-01 00:00:00 -> 2023-07-01 23:55:00,152.77
906,2023-07-02 00:00:00 -> 2023-07-02 23:55:00,151.55
907,2023-07-03 00:00:00 -> 2023-07-03 23:55:00,151.30
908,2023-07-04 00:00:00 -> 2023-07-04 23:55:00,152.98
909,2023-07-05 00:00:00 -> 2023-07-05 23:55:00,151.29
910,2023-07-06 00:00:00 -> 2023-07-06 23:55:00,152.85
911,2023-07-07 00:00:00 -> 2023-07-07 23:55:00,152.98
912,2023-07-08 00:00:00 -> 2023-07-08 23:55:00,154.00
913,2023-07-09 00:00:00 -> 2023-07-09 23:55:00,157.40
914,2023-07-10 00:00:00 -> 2023-07-10 23:55:00,157.00
915,2023-07-11 00:00:00 -> 2023-07-11 23:55:00,157.88
916,2023-07-12 00:00:00 -> 2023-07-12 23:55:00,155.41
917,2023-07-13 00:00:00 -> 2023-07-13 23:55:00,150.99
918,2023-07-14 00:00:00 -> 2023-07-14 23:55:00,150.01
919,2023-07-15 00:00:00 -> 2023-07-15 23:55:00,151.91
920,2023-07-16 00:00:00 -> 2023-07-16 23:55:00,156.30
921,2023-07-17 00:00:00 -> 2023-07-17 23:55:00,156.34
922,2023-07-18 00:00:00 -> 2023-07-18 23:55:00,156.38
923,2023-07-19 00:00:00 -> 2023-07-19 23:55:00,153.98
924,2023-07-20 00:00:00 -> 2023-07-20 23:55:00,154.00
925,2023-07-21 00:00:00 -> 2023-07-21 23:55:00,155.95
926,2023-07-22 00:00:00 -> 2023-07-22 23:55:00,154.00
927,2023-07-23 00:00:00 -> 2023-07-23 23:55:00,154.47
928,2023-07-24 00:00:00 -> 2023-07-24 23:55:00,160.89
929,2023-07-25 00:00:00 -> 2023-07-25 23:55:00,163.00
930,2023-07-26 00:00:00 -> 2023-07-26 23:55:00,150.98
931,2023-07-27 00:00:00 -> 2023-07-27 23:55:00,150.00
932,2023-07-28 00:00:00 -> 2023-07-28 23:55:00,158.54
933,2023-07-29 00:00:00 -> 2023-07-29 23:55:00,166.85
934,2023-07-30 00:00:00 -> 2023-07-30 23:55:00,170.00
935,2023-07-31 00:00:00 -> 2023-07-31 23:55:00,171.70
936,2023-08-01 00:00:00 -> 2023-08-01 23:55:00,166.78
937,2023-08-02 00:00:00 -> 2023-08-02 23:55:00,166.62
938,2023-08-03 00:00:00 -> 2023-08-03 23:55:00,160.65
939,2023-08-04 00:00:00 -> 2023-08-04 23:55:00,155.66
940,2023-08-05 00:00:00 -> 2023-08-05 23:55:00,153.68
941,2023-08-06 00:00:00 -> 2023-08-06 23:55:00,154.68
942,2023-08-07 00:00:00 -> 2023-08-07 23:55:00,153.98
943,2023-08-08 00:00:00 -> 2023-08-08 23:55:00,154.00
944,2023-08-09 00:00:00 -> 2023-08-09 23:55:00,153.79
945,2023-08-10 00:00:00 -> 2023-08-10 23:55:00,153.97
946,2023-08-11 00:00:00 -> 2023-08-11 23:55:00,154.48
947,2023-08-12 00:00:00 -> 2023-08-12 23:55:00,154.96
948,2023-08-13 00:00:00 -> 2023-08-13 23:55:00,155.95
949,2023-08-14 00:00:00 -> 2023-08-14 23:55:00,154.11
950,2023-08-15 00:00:00 -> 2023-08-15 23:55:00,155.13
951,2023-08-16 00:00:00 -> 2023-08-16 23:55:00,157.00
952,2023-08-17 00:00:00 -> 2023-08-17 23:55:00,157.88
953,2023-08-18 00:00:00 -> 2023-08-18 23:55:00,159.00
954,2023-08-19 00:00:00 -> 2023-08-19 23:55:00,176.97
955,2023-08-20 00:00:00 -> 2023-08-20 23:55:00,169.24
956,2023-08-21 00:00:00 -> 2023-08-21 23:55:00,164.88
957,2023-08-22 00:00:00 -> 2023-08-22 23:55:00,166.96
958,2023-08-23 00:00:00 -> 2023-08-23 23:55:00,167.94
959,2023-08-24 00:00:00 -> 2023-08-24 23:55:00,166.83
960,2023-08-25 00:00:00 -> 2023-08-25 23:55:00,160.00
961,2023-08-26 00:00:00 -> 2023-08-26 23:55:00,159.66
962,2023-08-27 00:00:00 -> 2023-08-27 23:55:00,161.67
963,2023-08-28 00:00:00 -> 2023-08-28 23:55:00,156.19
964,2023-08-29 00:00:00 -> 2023-08-29 23:55:00,167.00
965,2023-08-30 00:00:00 -> 2023-08-30 23:55:00,157.59
966,2023-08-31 00:00:00 -> 2023-08-31 23:55:00,156.59
967,2023-09-01 00:00:00 -> 2023-09-01 23:55:00,155.53
968,2023-09-02 00:00:00 -> 2023-09-02 23:55:00,156.51
969,2023-09-03 00:00:00 -> 2023-09-03 23:55:00,158.00
970,2023-09-04 00:00:00 -> 2023-09-04 23:55:00,155.49
971,2023-09-05 00:00:00 -> 2023-09-05 23:55:00,157.50
972,2023-09-06 00:00:00 -> 2023-09-06 23:55:00,159.50
973,2023-09-07 00:00:00 -> 2023-09-07 23:55:00,160.25
974,2023-09-08 00:00:00 -> 2023-09-08 23:55:00,160.00
975,2023-09-09 00:00:00 -> 2023-09-09 23:55:00,161.52
976,2023-09-10 00:00:00 -> 2023-09-10 23:55:00,161.00
977,2023-09-11 00:00:00 -> 2023-09-11 23:55:00,160.00
978,2023-09-12 00:00:00 -> 2023-09-12 23:55:00,158.48
979,2023-09-13 00:00:00 -> 2023-09-13 23:55:00,157.48
980,2023-09-14 00:00:00 -> 2023-09-14 23:55:00,156.52
981,2023-09-15 00:00:00 -> 2023-09-15 23:55:00,157.00
982,2023-09-16 00:00:00 -> 2023-09-16 23:55:00,158.00
983,2023-09-17 00:00:00 -> 2023-09-17 23:55:00,159.00
984,2023-09-18 00:00:00 -> 2023-09-18 23:55:00,158.47
985,2023-09-19 00:00:00 -> 2023-09-19 23:55:00,158.00
986,2023-09-20 00:00:00 -> 2023-09-20 23:55:00,157.00
987,2023-09-21 00:00:00 -> 2023-09-21 23:55:00,160.47
988,2023-09-22 00:00:00 -> 2023-09-22 23:55:00,158.46
989,2023-09-23 00:00:00 -> 2023-09-23 23:55:00,158.54
990,2023-09-24 00:00:00 -> 2023-09-24 23:55:00,160.55
991,2023-09-25 00:00:00 -> 2023-09-25 23:55:00,159.00
992,2023-09-26 00:00:00 -> 2023-09-26 23:55:00,159.45
993,2023-09-27 00:00:00 -> 2023-09-27 23:55:00,164.45
994,2023-09-28 00:00:00 -> 2023-09-28 23:55:00,165.45
995,2023-09-29 00:00:00 -> 2023-09-29 23:55:00,172.00
996,2023-09-30 00:00:00 -> 2023-09-30 23:55:00,172.00
997,2023-10-01 00:00:00 -> 2023-10-01 23:55:00,172.22
998,2023-10-02 00:00:00 -> 2023-10-02 23:55:00,172.72
999,2023-10-03 00:00:00 -> 2023-10-03 23:55:00,172.00
1000,2023-10-04 00:00:00 -> 2023-10-04 23:55:00,171.42
1001,2023-10-05 00:00:00 -> 2023-10-05 23:55:00,169.42
1002,2023-10-06 00:00:00 -> 2023-10-06 23:55:00,170.58
1003,2023-10-07 00:00:00 -> 2023-10-07 23:55:00,171.00
1004,2023-10-08 00:00:00 -> 2023-10-08 23:55:00,170.99
1005,2023-10-09 00:00:00 -> 2023-10-09 23:55:00,171.59
1006,2023-10-10 00:00:00 -> 2023-10-10 23:55:00,172.29
1007,2023-10-11 00:00:00 -> 2023-10-11 23:55:00,170.38
1008,2023-10-12 00:00:00 -> 2023-10-12 23:55:00,170.00
1009,2023-10-13 00:00:00 -> 2023-10-13 23:55:00,169.00
1010,2023-10-14 00:00:00 -> 2023-10-14 23:55:00,167.38
1011,2023-10-15 00:00:00 -> 2023-10-15 23:55:00,167.37
1012,2023-10-16 00:00:00 -> 2023-10-16 23:55:00,172.00
1013,2023-10-17 00:00:00 -> 2023-10-17 23:55:00,172.69
1014,2023-10-18 00:00:00 -> 2023-10-18 23:55:00,171.35
1015,2023-10-19 00:00:00 -> 2023-10-19 23:55:00,163.35
1016,2023-10-20 00:00:00 -> 2023-10-20 23:55:00,154.00
1017,2023-10-21 00:00:00 -> 2023-10-21 23:55:00,156.00
1018,2023-10-22 00:00:00 -> 2023-10-22 23:55:00,154.66
1019,2023-10-23 00:00:00 -> 2023-10-23 23:55:00,154.00
1020,2023-10-24 00:00:00 -> 2023-10-24 23:55:00,155.00
1021,2023-10-25 00:00:00 -> 2023-10-25 23:55:00,154.66
1022,2023-10-26 00:00:00 -> 2023-10-26 23:55:00,154.98
1023,2023-10-27 00:00:00 -> 2023-10-27 23:55:00,156.00
1024,2023-10-28 00:00:00 -> 2023-10-28 23:55:00,154.98
1025,2023-10-29 00:00:00 -> 2023-10-29 23:55:00,161.29
1026,2023-10-30 00:00:00 -> 2023-10-30 23:55:00,153.00
1027,2023-10-31 00:00:00 -> 2023-10-31 23:55:00,157.00
1028,2023-11-01 00:00:00 -> 2023-11-01 23:55:00,156.27
1029,2023-11-02 00:00:00 -> 2023-11-02 23:55:00,156.00
1030,2023-11-03 00:00:00 -> 2023-11-03 23:55:00,154.98
1031,2023-11-04 00:00:00 -> 2023-11-04 23:55:00,155.24
1032,2023-11-05 00:00:00 -> 2023-11-05 23:55:00,156.00
1033,2023-11-06 00:00:00 -> 2023-11-06 23:55:00,157.76
1034,2023-11-07 00:00:00 -> 2023-11-07 23:55:00,165.78
1035,2023-11-08 00:00:00 -> 2023-11-08 23:55:00,169.99
1036,2023-11-09 00:00:00 -> 2023-11-09 23:55:00,171.00
1037,2023-11-10 00:00:00 -> 2023-11-10 23:55:00,169.97
1038,2023-11-11 00:00:00 -> 2023-11-11 23:55:00,168.17
1039,2023-11-12 00:00:00 -> 2023-11-12 23:55:00,170.00
